loc,v_g,ev_g,iv_g,n,v,d,i,e,b,t,lOCode,lOComment,lOBlank,lOCodeAndComment,uniq_Op,uniq_Opnd,total_Op,total_Opnd,branchCount,defects
7280,43,76,4,363,144,72,12,39519,394,1163,6668,382,367,91,6,66,410,515,34,1
870,12,91,5,32,1606,27,29,5044,797,2487,3406,16,694,37,17,21,37,290,128,1
5400,44,72,21,45,884,62,33,29928,502,562,7730,492,844,40,48,35,229,1836,111,1
5201,36,89,8,359,831,12,43,15677,592,2166,5449,1354,231,91,49,29,415,684,156,1
5744,48,46,23,307,97,65,15,7539,804,1738,3190,925,872,80,20,7,623,1823,131,1
6275,4,68,9,150,1869,42,2,26161,84,905,2199,1762,490,13,9,93,784,942,60,1
476,5,33,15,260,997,62,39,32405,365,395,6131,1896,618,70,5,53,280,1472,96,1
4436,37,1,15,466,1240,11,44,8319,886,1727,5290,1509,502,85,23,37,745,724,144,1
5588,8,19,16,231,1162,43,18,2881,549,2924,7551,1429,889,50,33,23,660,617,155,1
8332,42,31,14,240,832,95,3,44420,342,1717,1167,116,734,64,38,97,801,492,177,1
1695,49,80,8,365,1036,17,7,11869,839,935,6777,1578,591,92,14,8,520,1256,89,1
779,28,14,18,384,983,97,43,24863,407,1102,303,879,745,51,17,76,972,1782,135,1
6959,31,53,10,459,943,32,18,21687,425,1436,3352,114,380,94,19,48,295,126,161,1
2443,9,48,28,493,1787,93,44,2046,744,75,1944,1818,695,29,33,10,463,977,58,1
5321,29,69,20,17,130,85,38,44437,93,295,793,1572,427,56,1,79,771,201,17,1
5061,14,90,6,214,1418,85,37,49479,848,21,4950,813,696,78,13,24,843,797,94,1
6430,40,62,12,233,1647,40,33,3139,614,1039,7997,1648,645,81,46,90,326,627,186,1
1194,41,92,2,401,1071,23,44,33341,412,1235,6326,1570,731,98,27,47,599,525,154,1
4565,22,66,7,104,1374,56,31,20709,432,560,2894,643,799,29,6,53,306,1563,15,1
3395,11,64,16,35,1017,6,11,45228,678,1110,1382,1359,363,97,6,39,347,316,9,1
6406,23,70,3,390,934,86,4,30479,159,1173,5278,335,201,41,33,67,316,1997,103,1
8676,1,63,13,20,654,50,18,15782,14,372,1954,921,881,10,30,66,437,541,75,1
9284,46,73,3,141,723,37,4,19556,373,2028,3277,1912,145,26,46,6,360,131,149,1
2568,37,33,27,333,869,64,49,40985,225,818,882,1763,835,23,35,21,520,658,15,1
7859,21,41,18,170,30,54,34,5240,505,1175,5239,146,638,98,23,73,534,601,11,1
2057,26,89,11,463,251,72,29,4625,73,1165,3747,121,456,38,10,74,867,1187,74,1
2757,46,48,8,314,464,49,24,40545,249,1093,1582,80,134,71,19,36,501,879,178,1
9177,36,13,6,444,972,99,22,48196,511,1284,6907,684,625,17,28,3,917,1570,128,1
199,23,73,1,474,630,11,2,34615,603,2012,3144,1689,263,76,23,88,603,1485,26,1
2744,1,77,28,485,312,88,44,34949,216,846,7617,661,63,44,4,86,18,1202,194,0
3015,40,31,1,104,1629,49,6,23756,973,1992,2497,374,490,87,20,78,506,68,11,1
4668,15,75,23,113,1628,21,42,47718,602,521,7498,1593,646,86,19,42,734,310,29,0
1909,21,68,8,347,812,66,25,22934,541,371,2760,62,40,11,42,45,569,562,8,1
7744,47,98,5,177,973,63,21,17249,947,1443,6750,503,295,48,27,44,570,1583,52,1
1277,9,4,28,241,78,83,16,44150,817,101,5747,667,2,93,34,91,830,1150,188,1
1538,9,19,16,166,1162,28,31,39484,939,661,1908,448,912,30,4,33,449,1820,53,0
3566,10,70,11,397,205,17,14,49344,988,1682,1387,1451,705,91,38,60,561,1815,164,1
3900,26,98,5,220,149,6,39,12529,220,243,4245,867,974,21,7,86,884,1160,192,1
8848,41,82,4,268,1477,19,28,34228,840,2801,2327,1450,109,43,48,93,801,1438,169,1
5403,35,13,6,267,292,56,32,12715,727,512,2561,1444,220,91,7,83,747,408,48,1
8802,25,23,14,296,321,28,28,584,221,2897,5303,1345,369,63,26,83,977,524,3,1
8443,26,83,22,278,755,66,49,26342,389,2603,6901,1936,367,76,26,70,117,814,191,1
7523,11,75,19,7,1568,38,9,36182,554,2274,1866,679,435,24,19,83,254,1918,78,1
2622,38,1,9,32,1698,37,45,36160,647,1542,5955,1189,917,50,9,77,264,507,178,1
7051,2,88,12,330,286,68,22,22519,42,2262,6625,1620,3,6,20,26,42,951,90,1
9565,7,54,11,496,70,86,32,46283,676,2766,1871,1980,243,5,42,86,32,537,199,1
6245,18,71,14,432,1352,90,5,37318,873,2115,4052,1672,901,23,45,21,854,407,187,1
5496,27,89,23,153,1923,49,23,1222,283,396,7586,460,165,18,16,2,575,1298,78,1
7109,34,85,16,32,61,43,5,27964,58,612,7325,458,25,82,17,47,830,1784,158,1
9680,27,15,1,492,1889,36,42,20951,814,1261,3180,1212,394,99,22,30,58,1296,102,1
785,17,65,13,314,162,58,32,40825,834,1858,1103,463,473,8,13,27,471,1431,110,1
8236,43,76,23,442,1782,13,10,34459,537,770,5252,911,16,35,12,71,599,1679,199,1
3162,44,71,21,69,1344,52,39,49673,73,1423,1739,378,727,39,10,20,345,1758,57,1
1595,24,15,21,360,1847,58,15,19374,885,407,6814,1025,91,92,1,50,954,1560,81,1
3953,25,21,13,25,553,32,7,8788,923,2973,4668,1641,482,23,32,95,367,445,131,1
7565,7,19,2,256,576,81,29,37544,129,1873,5914,363,542,47,30,23,131,849,21,1
3083,6,60,4,239,1897,60,47,44607,599,1504,3421,71,204,62,8,13,453,1963,130,1
1031,24,93,28,231,1422,83,3,24104,842,2695,4631,1450,501,68,21,81,368,369,78,1
3853,33,89,6,17,1581,58,19,29759,426,2270,6307,637,930,52,22,4,611,1162,98,1
7999,49,33,26,317,631,99,10,43835,948,1180,5662,1193,399,53,18,14,355,873,174,1
9702,29,49,27,53,1210,56,28,20157,665,654,7598,1228,206,41,2,20,202,643,37,1
6883,43,96,23,122,1395,28,29,413,694,2476,685,1848,618,44,48,13,425,1274,160,1
5685,22,35,27,58,323,1,15,10408,125,1182,2075,336,145,89,44,3,386,1660,175,1
171,26,44,5,142,816,42,35,36127,67,977,5171,1495,878,13,9,90,472,1742,192,1
4307,28,90,25,57,857,82,6,49747,6,1440,6673,194,100,28,3,90,765,1255,116,1
1005,21,11,3,48,106,48,12,3290,637,2419,4829,1693,879,5,26,82,670,223,25,1
7639,49,99,1,307,890,40,47,6715,314,1368,1734,1011,829,6,21,96,155,925,135,1
9477,7,72,4,57,1246,97,38,45739,326,2898,2196,652,879,36,30,78,487,601,49,1
1026,17,78,25,78,838,63,13,1986,565,2904,7757,1298,240,52,28,47,837,1808,37,1
7879,20,74,20,50,146,76,29,46786,578,229,672,6,922,17,36,3,899,144,137,1
6449,41,66,2,17,1039,72,19,25588,826,2328,1617,904,758,86,26,1,662,1851,41,1
7902,49,46,26,169,1020,88,3,44015,506,1894,7591,978,162,37,34,90,417,763,36,1
6873,20,9,5,106,118,80,8,12048,82,1314,685,565,883,58,8,24,295,395,153,1
7926,22,3,3,284,556,4,8,932,599,1071,977,615,172,0,10,35,907,1336,139,1
8539,28,85,29,262,1072,38,20,20274,2,975,2851,1877,501,67,48,14,860,1815,48,1
888,40,26,28,474,671,27,47,39741,204,1739,2137,1873,546,43,43,67,120,1320,141,1
9278,49,72,29,341,434,9,4,46526,662,758,2468,572,283,46,14,13,629,1595,45,1
4897,7,48,9,360,639,16,21,30875,805,321,6842,598,358,34,40,47,888,1222,162,1
4869,1,66,20,402,270,56,3,5254,404,2322,2534,769,380,86,15,50,802,1330,28,1
6341,32,70,6,142,1459,76,45,28935,103,556,2508,1201,869,90,17,78,59,1559,11,1
8581,13,28,18,167,96,31,8,40106,536,844,4927,241,904,59,18,85,23,398,115,1
8694,30,93,6,413,474,88,23,3253,368,1337,4397,1226,971,89,32,26,143,1492,81,1
7218,23,26,19,391,85,14,16,2294,212,1387,3188,1566,910,51,38,3,597,753,43,1
5286,19,25,28,115,480,25,13,32836,577,668,4038,1824,532,7,23,51,605,1294,193,1
2072,32,12,12,106,1996,34,3,49843,961,2428,5354,1485,819,79,46,40,352,713,1,0
74,30,5,25,21,423,67,48,3133,209,2759,3172,1103,162,40,23,68,679,934,186,1
8016,29,98,11,272,834,24,9,21634,763,1943,3002,1546,608,2,35,36,295,1748,16,1
2578,49,48,2,186,904,73,14,8571,897,2005,6828,1440,306,95,39,51,943,782,137,1
5473,45,37,15,376,735,26,13,33591,117,1931,6526,765,338,68,15,1,323,1146,17,1
2037,29,79,12,28,466,20,7,29113,628,746,3232,383,54,83,24,33,615,1919,21,1
2705,30,44,12,33,1318,64,15,4782,749,675,6569,390,982,13,28,7,306,873,82,1
9697,16,15,9,175,1272,10,7,27568,478,2164,2157,895,332,95,16,52,615,1069,57,1
5268,40,43,21,413,1710,83,38,39613,105,2653,1733,1822,126,25,16,11,578,88,52,1
5628,19,48,24,232,1632,67,34,39802,495,1066,2029,687,939,69,40,27,173,1308,0,1
6746,18,87,2,382,662,24,41,29747,771,2427,334,1149,704,57,39,14,841,1993,60,1
401,1,70,22,192,681,5,22,2617,46,2514,2491,1517,242,99,6,86,506,1311,158,1
5902,14,46,3,350,1591,67,24,16171,823,2328,1160,46,860,39,2,80,619,683,30,1
3571,47,43,12,234,1405,58,49,1724,331,618,1895,1741,599,50,13,46,25,321,65,1
6194,2,21,28,325,504,27,37,10925,216,2166,4482,1499,847,4,44,76,353,1562,146,0
3109,28,23,26,344,1657,80,44,44390,982,2357,2190,1972,408,76,47,10,87,213,52,1
6288,49,80,16,123,1952,15,1,789,960,2148,7091,618,502,31,9,24,355,994,94,1
8402,30,47,21,160,1078,35,10,1595,492,2309,4943,463,726,79,34,61,81,1985,149,1
3114,38,15,28,276,1434,76,43,29190,813,993,2322,1810,603,0,17,18,279,26,22,1
7225,4,25,24,179,1280,53,16,9377,922,1329,3626,1872,302,76,27,86,296,1747,142,1
2464,1,36,26,469,1649,44,46,5177,845,1378,4496,122,463,53,29,9,75,485,153,0
9006,8,75,1,108,606,26,8,23381,449,286,7729,1497,234,10,37,17,889,1544,130,1
2741,29,51,21,96,459,47,49,23054,536,2376,7061,133,695,52,43,58,77,1026,86,1
8164,39,15,3,190,494,34,25,41883,511,2111,2516,1642,37,7,22,13,202,219,147,1
9772,3,68,20,464,655,87,12,10542,458,687,7847,1840,138,24,24,50,64,508,124,1
5066,32,21,2,287,629,95,25,13799,547,1306,454,840,194,39,7,6,989,1435,108,1
8120,10,13,9,185,1051,50,17,23558,536,1465,1359,1585,526,31,34,85,388,438,39,0
3850,10,86,19,174,1639,84,26,9095,540,738,7425,848,768,87,48,51,983,1111,120,1
1038,19,19,15,191,671,12,46,20166,484,2687,7853,606,646,27,12,36,177,1601,38,0
7395,46,34,18,179,767,87,48,18717,976,2984,6087,1803,0,77,23,71,418,1113,119,1
512,34,78,26,226,298,4,14,9571,16,1959,5409,22,560,2,15,25,517,1339,199,1
6920,33,68,11,237,1447,87,41,8719,571,1895,5398,565,95,99,33,11,546,67,17,1
9072,23,52,25,166,730,48,36,27352,977,2524,6168,1909,712,90,13,44,652,1563,168,1
6948,28,27,23,425,647,55,23,11333,243,1486,6387,765,412,83,23,14,846,1241,197,1
4498,32,29,16,138,244,1,43,30985,950,2101,1298,964,537,78,38,29,111,1544,154,1
216,7,28,22,395,425,89,6,7048,207,2802,2470,234,854,61,32,74,895,1168,142,1
5144,29,35,17,484,947,66,47,28856,912,486,7482,995,428,26,45,50,803,1877,36,1
5987,8,8,5,228,508,30,5,31674,271,1514,3107,1082,234,44,35,5,817,1003,185,1
7731,1,16,12,157,983,3,43,13490,761,2002,1854,1187,348,91,1,72,815,531,4,1
7045,3,36,11,37,643,21,25,45515,994,1388,3180,1794,755,24,47,69,431,590,72,1
1494,24,30,15,59,1683,89,18,46551,779,2457,7854,825,869,60,45,88,973,1886,134,1
7868,23,18,27,446,1029,84,13,21847,705,1031,4286,215,480,43,5,57,784,908,40,1
873,8,2,3,11,124,49,43,1319,847,1766,3204,1206,838,96,13,26,487,1116,9,1
2800,47,49,1,248,941,86,14,7918,730,668,1238,1592,395,45,5,6,935,630,189,1
7418,37,77,20,317,683,85,28,30301,115,1221,1442,656,350,13,32,16,129,1077,153,1
8765,3,4,29,130,1746,62,18,12423,580,835,3357,934,415,7,21,60,924,1516,67,1
5126,33,90,16,16,1267,97,28,19037,299,876,4035,1113,885,47,24,12,752,975,23,1
6029,28,89,2,20,1573,38,27,38779,837,2415,257,1987,915,13,18,75,300,919,77,1
1767,47,94,2,212,1044,15,32,15784,483,1002,23,310,886,64,21,3,497,1677,168,1
7584,8,75,3,47,215,52,47,42479,397,250,2764,556,50,79,10,63,170,502,192,1
6384,34,7,8,377,1712,79,9,41387,394,1940,7904,971,80,81,24,64,682,508,144,1
6902,35,95,24,488,256,46,40,40375,75,1619,5260,256,35,6,40,62,87,1051,108,1
1688,32,74,28,465,1592,25,32,18114,978,1264,227,532,66,78,47,6,47,614,23,1
3252,24,39,15,139,767,21,20,8483,482,2428,7,1556,640,87,21,19,403,957,154,1
4646,14,13,7,232,1160,88,28,48471,103,872,1264,51,881,48,25,18,450,303,6,1
1069,32,31,6,115,156,5,33,9161,297,835,4954,1361,666,54,23,80,549,1181,72,0
6678,46,71,9,311,127,70,4,38500,178,2823,5589,1194,756,12,22,87,471,1505,106,1
9924,43,63,20,461,1944,47,46,48297,215,919,4328,1971,622,72,4,43,621,181,98,1
3167,16,56,28,164,1415,87,34,15097,967,1725,7061,1090,679,55,34,73,303,1596,121,1
5925,4,42,1,335,421,68,48,8134,315,2503,5778,1648,480,55,6,3,409,540,11,1
9799,37,61,8,268,1697,91,3,21801,39,2414,4599,299,467,14,28,72,645,1153,84,1
2703,21,42,23,229,1617,18,26,16503,259,1314,2573,671,141,56,31,38,926,1869,2,1
3637,14,56,23,475,372,21,8,20358,716,1898,6850,777,355,57,35,68,101,1770,78,1
9565,31,36,3,221,1542,92,6,39018,7,403,1890,831,708,34,39,76,776,75,84,1
5460,48,84,4,460,146,99,16,30127,49,2106,7065,231,470,87,42,44,618,150,9,1
1673,18,68,26,49,1208,86,24,43096,538,2569,7849,974,620,96,23,95,15,455,32,1
9731,7,7,25,218,1322,23,48,34825,161,1328,6116,1860,887,15,6,89,690,1539,45,1
5602,10,54,15,63,967,64,39,48620,869,1139,5263,1091,590,7,16,80,904,198,58,0
7402,7,1,6,136,1514,67,30,46147,176,210,1304,1529,901,92,2,63,280,167,51,1
1316,33,44,15,108,28,40,45,24553,591,1065,2343,27,672,86,24,42,629,1643,5,1
6786,23,45,21,199,204,10,13,2829,2,816,1081,1972,438,44,17,64,908,679,129,1
5874,21,47,3,417,339,89,5,21354,895,2221,3763,1651,530,94,45,54,820,1980,28,1
9484,19,13,25,493,1969,52,25,805,455,234,3186,1074,126,39,1,78,568,255,118,1
7536,48,22,21,161,184,72,20,39313,928,793,4815,1716,204,53,6,77,108,865,167,1
8911,19,21,21,102,1011,75,18,43005,644,1908,952,1283,28,13,5,71,535,953,96,1
5585,36,86,14,230,458,61,47,42331,276,1614,6796,590,444,58,45,76,203,757,188,1
5540,29,92,20,416,1958,64,18,17450,498,2841,7176,784,965,93,29,37,166,1066,195,1
4423,18,9,14,209,955,5,2,40165,629,2167,3743,619,718,52,12,4,909,1394,67,1
3758,2,26,4,83,1387,53,10,14299,676,335,2736,1986,463,26,39,2,675,1786,156,0
673,1,9,12,128,1532,55,45,47697,800,1360,4012,585,279,46,47,99,124,339,189,1
2008,47,15,17,475,150,37,47,46875,28,1640,874,1710,150,79,3,44,405,521,59,0
8004,5,10,7,432,767,56,12,44875,333,1098,5171,1001,239,5,48,67,779,859,123,1
1505,20,88,9,222,1930,59,47,24650,1,1215,98,183,265,54,1,68,666,1820,83,1
3314,11,42,3,8,939,93,13,37756,188,324,2992,1046,693,96,27,76,812,1104,40,1
3773,42,72,28,94,102,69,47,19272,56,1791,4660,1809,104,43,48,83,531,1346,112,1
5242,2,24,13,108,1977,73,11,33555,547,284,1780,128,936,17,24,74,889,1948,64,1
1863,3,80,15,397,248,59,19,39018,112,213,2265,290,432,15,44,62,223,1761,191,1
6595,23,49,18,123,214,2,35,41189,798,1659,440,1855,912,11,19,1,754,88,78,1
1301,12,26,19,137,569,65,39,49433,310,1742,4952,500,496,19,8,17,692,178,62,1
3591,20,91,1,316,1466,60,26,41352,36,929,6656,185,439,44,44,16,542,819,175,1
7564,5,37,6,100,254,51,46,29198,439,752,6984,478,747,63,47,9,24,992,147,1
7290,37,68,27,472,841,30,14,22352,729,1418,6799,1594,684,58,2,53,428,189,117,1
1646,38,50,27,438,1350,11,45,2673,592,2387,4305,491,157,92,30,73,377,1661,36,1
3706,30,24,23,335,934,92,44,8696,826,1822,6529,512,171,93,30,59,647,269,63,1
708,9,19,27,147,304,76,24,13593,595,1046,3149,1666,493,89,49,9,862,1519,85,0
4747,34,60,27,292,649,39,41,29010,577,1795,3592,1090,969,21,39,12,862,1805,132,1
864,44,39,2,32,865,90,1,22835,325,1893,5200,1828,310,96,45,41,222,1038,33,1
8174,35,74,24,282,1315,77,43,12867,640,105,81,466,402,46,32,15,709,306,38,1
5865,22,89,14,237,26,72,22,31456,307,1490,820,284,668,28,1,66,693,629,66,1
7402,44,18,6,21,80,63,23,23506,534,1483,772,600,769,85,38,75,768,864,61,1
6538,24,19,14,63,1302,64,19,23827,728,1456,6558,1440,675,44,13,11,14,369,87,1
5259,17,36,4,94,1358,61,18,20964,619,770,3690,1123,658,76,11,8,240,126,151,1
5182,10,74,21,496,1827,54,12,29603,109,2764,110,188,902,8,10,55,210,366,130,1
1717,30,97,8,203,314,92,28,23598,372,2811,3921,988,665,23,48,96,894,966,108,1
5801,46,55,3,366,1484,94,28,37315,357,1960,6699,889,462,14,26,6,411,1876,198,1
9935,23,69,19,445,1040,73,33,40751,181,2028,7648,1881,366,35,20,53,158,448,88,1
5545,32,47,14,30,1347,95,19,6777,356,379,2878,387,549,12,17,20,593,1364,66,1
4941,17,49,27,29,826,58,28,44974,676,713,3351,240,642,90,17,39,501,1558,78,1
3520,17,99,20,398,1136,85,49,32477,68,1373,6236,1805,869,43,4,99,235,1687,177,1
212,14,98,17,305,830,56,37,16742,292,225,5847,1754,254,70,5,72,595,1221,28,1
4228,9,33,25,343,202,34,26,31675,692,1738,7029,416,207,71,23,34,828,1314,73,1
8968,40,21,8,271,1786,31,35,24968,181,738,3153,1941,449,77,46,57,178,1544,31,1
4399,2,81,24,465,1607,52,34,41445,466,236,3153,175,94,75,10,19,770,1499,86,1
2337,45,22,14,185,538,89,35,41186,434,183,1470,386,859,35,46,71,801,1148,38,1
8014,25,48,26,460,180,76,40,49340,464,712,2592,1494,838,60,28,31,161,1973,136,1
2941,39,37,6,364,1570,1,16,49395,681,1893,249,852,477,80,33,82,233,1269,100,1
7787,9,15,23,72,260,55,38,15627,914,2492,2630,1256,682,39,43,40,513,1371,141,1
207,22,35,22,499,1798,22,13,19669,534,1889,3854,662,761,92,26,14,746,531,67,1
7135,43,92,16,355,1420,40,23,46290,66,623,1410,451,189,26,48,81,559,208,191,1
1940,46,71,25,416,1240,1,22,33760,21,1260,986,276,710,0,29,37,53,1797,147,1
6297,4,32,19,463,550,65,16,37438,612,1151,6865,1252,483,33,27,44,706,1083,27,1
8810,26,11,14,495,1662,63,28,16245,384,749,7742,1194,732,67,18,9,513,1973,13,1
9349,29,10,19,325,425,54,48,27739,812,2203,5837,1758,535,87,40,58,964,1175,171,1
4292,45,73,3,53,803,42,35,11204,615,2305,3813,212,755,20,10,20,250,1816,76,1
2521,34,78,10,179,1413,21,45,39171,559,2283,146,1305,422,32,42,92,939,1561,115,1
9996,23,77,19,56,1177,79,46,29462,39,2548,897,40,835,6,5,50,852,1547,166,1
669,37,57,9,106,34,81,8,21391,285,2337,5492,1145,639,64,10,20,360,679,27,0
2821,11,25,28,220,1855,22,44,32068,822,510,7256,1250,604,2,21,36,731,1063,191,1
7108,6,2,20,442,677,38,22,9195,602,1576,7315,293,811,50,24,27,32,1115,88,1
6556,18,64,13,192,1106,99,21,42312,597,1824,2404,599,132,78,38,72,645,40,31,1
9571,21,35,7,61,641,80,26,46380,785,2757,4645,1290,54,94,3,32,607,1781,136,1
1996,42,7,14,51,1857,8,40,22273,336,785,2965,540,988,53,40,1,52,1017,155,1
8348,36,85,9,163,1866,62,21,2930,188,2942,2204,1782,509,79,31,17,475,342,94,1
2921,41,18,27,493,1126,47,25,21321,671,2824,7330,1851,669,73,41,9,49,669,16,1
1744,38,67,28,178,514,17,41,33363,243,2346,1474,450,540,92,37,84,312,186,116,1
1853,34,42,23,246,1631,17,1,46950,73,137,2705,1472,409,58,2,45,690,379,76,1
8690,17,39,25,286,345,90,6,13354,479,2424,3010,1779,210,5,2,96,184,556,54,1
2986,37,41,28,245,434,13,23,34745,974,2135,4863,1084,665,28,39,66,541,544,9,1
1969,25,75,19,374,508,17,23,30275,561,1778,3379,1525,292,16,49,32,470,1139,79,1
5769,38,24,15,9,1397,38,43,20586,101,1223,4724,1170,986,59,42,45,630,106,133,1
6704,12,60,20,88,956,81,43,30881,514,2485,660,1709,733,21,44,9,202,239,175,1
2395,23,46,14,312,639,78,23,49206,756,1334,6598,1968,114,23,34,30,253,236,115,1
4746,42,19,24,365,1778,45,32,11723,176,1778,2773,789,948,80,42,84,845,380,194,1
1812,22,68,6,463,1232,6,30,21967,238,1305,5348,333,669,84,20,38,289,1133,168,1
8165,21,90,21,252,727,35,13,27879,910,764,47,1904,258,50,33,60,749,1478,78,1
8130,27,42,29,58,1446,14,43,15422,59,702,2316,1976,762,49,4,1,45,1501,59,1
6626,31,32,4,165,348,72,18,25988,865,2990,7928,890,121,10,45,5,566,64,41,1
5544,6,39,8,438,668,61,23,2713,99,152,5127,1165,298,55,44,63,907,1228,115,1
4071,27,36,17,426,971,15,15,47851,954,1326,1665,43,774,70,11,99,549,1553,108,1
272,40,97,9,415,1970,54,33,9515,871,1302,5392,143,380,41,42,36,163,433,70,1
6297,34,36,1,230,438,27,21,3376,954,1712,4696,1888,560,38,47,65,32,324,155,1
8825,12,3,24,19,1816,13,39,3709,495,1032,7188,332,888,68,5,78,728,1161,101,1
9218,45,73,20,228,908,31,23,27644,947,807,7506,997,840,47,25,73,941,41,12,1
2059,7,8,25,65,148,35,27,4813,980,235,7636,1520,500,56,49,94,100,102,14,1
5433,10,97,14,126,1726,60,45,23171,514,2723,7231,1419,296,20,37,24,399,528,35,1
4558,45,70,11,281,951,6,44,10878,755,561,5113,54,361,81,34,4,940,1291,14,1
3118,17,41,21,50,551,69,18,47638,297,1326,2229,1330,588,98,9,78,368,862,116,1
7168,26,68,3,457,66,86,24,11271,211,38,2115,869,462,19,6,89,559,1935,74,1
7410,21,13,9,394,1265,58,47,11261,123,1160,962,1446,437,14,18,68,940,1253,55,1
3180,28,49,27,298,667,49,40,13619,229,2870,7151,1440,126,68,14,25,237,761,94,1
9884,46,60,14,66,444,23,42,31408,594,421,565,1696,196,76,19,74,211,1139,131,1
2265,2,2,9,90,393,89,7,37910,656,1243,1335,796,220,50,14,99,359,1581,51,1
1164,43,60,4,450,569,34,48,6072,388,348,7418,324,994,75,40,7,830,425,137,1
4509,1,5,27,214,203,26,20,45387,140,1832,1317,1733,90,61,17,13,775,566,172,1
6305,36,44,4,82,1769,47,27,13565,541,1570,1826,1694,410,84,35,68,47,1843,83,1
6207,26,27,28,206,1681,5,6,6209,391,2796,3007,79,7,36,29,43,742,1342,28,0
9898,29,32,8,306,543,90,27,46041,270,1919,3408,1054,543,5,42,57,509,375,52,1
1658,21,21,2,401,527,20,9,41263,759,2321,5651,984,467,70,17,36,708,1554,156,1
5549,11,8,9,227,725,6,45,21741,12,1902,4950,1135,319,25,43,14,52,1492,150,1
9647,40,72,29,226,760,70,31,24954,867,2356,5379,557,393,7,8,82,880,608,184,1
4209,11,50,14,7,194,59,21,43840,389,1398,2656,864,268,72,1,72,635,1403,177,1
8455,36,67,22,482,1905,64,26,3094,337,2781,5634,716,190,90,45,96,781,340,20,1
2567,49,44,9,10,301,18,40,9662,506,1825,1819,1587,860,3,36,27,526,698,111,1
5602,39,58,24,97,1368,4,48,5686,106,2492,1746,1673,674,20,7,37,77,1675,170,1
108,40,3,23,12,741,17,45,11643,32,1229,4706,471,60,30,46,87,749,1740,137,1
2210,35,86,16,432,125,14,13,48997,74,405,3813,73,437,20,5,71,132,20,75,1
2971,34,70,29,497,834,78,49,2942,171,1722,7985,1576,263,24,24,76,694,827,29,1
4983,47,2,17,239,1082,13,23,21722,849,2901,2882,1502,796,14,28,25,345,1540,124,1
4443,24,87,16,112,694,7,20,5862,69,1221,5587,588,94,34,43,67,162,428,50,1
2879,22,44,12,165,91,44,37,31135,813,2826,3275,1410,552,48,17,90,983,1155,160,1
966,5,2,3,213,843,15,28,704,362,115,5395,1722,925,42,37,4,788,920,145,0
8362,33,81,11,244,342,19,17,17193,649,1677,4088,1905,469,40,20,79,678,1268,77,1
5709,36,35,14,335,566,63,28,1848,433,65,750,563,660,36,3,96,171,1364,21,1
6954,47,98,18,337,344,35,41,37977,929,1300,562,1953,715,56,37,93,223,1576,63,1
4503,20,87,21,54,541,81,2,29137,996,825,6212,1456,778,41,26,74,919,357,20,1
9502,19,30,21,15,1993,35,25,11668,100,2287,3306,1435,513,46,15,85,385,967,128,1
4921,35,8,5,355,230,19,41,8496,658,2350,946,466,689,91,48,16,929,421,106,1
3997,43,22,16,160,644,20,6,21696,9,1416,4028,598,936,60,8,19,452,1257,115,1
9729,17,44,20,496,1779,35,11,36641,574,969,2301,1644,193,13,13,29,432,162,123,0
6025,45,58,5,74,1766,32,38,48917,697,369,5370,991,481,67,48,51,547,1245,142,1
1228,43,36,3,173,332,48,6,27250,29,233,944,1932,898,52,3,18,948,101,35,1
4506,34,69,12,276,1884,44,45,29621,893,2243,1615,736,335,83,1,58,813,1954,46,1
4745,9,77,1,72,12,24,11,22588,114,907,6305,993,434,33,9,44,944,340,181,0
4565,26,93,21,359,1727,61,14,40605,462,921,6883,247,195,75,31,16,710,1500,31,1
9156,2,31,29,256,215,17,2,44014,921,689,1730,1604,854,96,41,65,921,1893,185,1
8060,9,47,9,52,1865,71,40,20950,143,177,989,1143,248,23,26,2,643,1674,173,1
3456,9,55,29,188,49,50,3,22406,390,2265,1592,66,497,19,17,56,239,964,53,0
1055,40,80,9,324,68,65,35,23073,632,1035,4026,572,211,68,34,79,68,1742,160,1
6903,17,62,4,191,960,99,33,39198,682,1470,7260,1979,664,29,9,28,105,979,166,1
1703,1,30,3,94,583,32,24,17442,157,630,1341,1350,669,87,13,65,271,563,22,1
3446,25,55,17,450,653,36,19,20748,335,164,5975,1943,465,6,5,5,363,1911,170,1
8764,43,16,2,336,1540,13,18,42520,861,2101,3142,702,873,35,41,22,321,939,182,1
5905,40,12,24,143,1605,70,49,26585,260,2266,666,469,650,37,13,13,145,1261,1,0
3364,42,17,1,361,1917,58,24,35500,82,824,7192,492,220,79,1,65,871,203,193,1
235,25,16,8,93,852,14,45,33807,754,2433,37,1724,272,51,25,16,804,539,165,0
4903,39,12,13,278,1155,37,35,12526,441,56,5917,662,153,14,47,86,976,854,156,1
7032,35,8,23,23,1512,79,1,41264,945,118,6706,285,248,45,4,64,932,1276,109,1
9161,3,84,15,475,628,68,36,4761,172,2948,6221,1979,278,22,36,32,482,1422,123,1
5610,37,3,8,315,105,40,25,6529,231,798,5990,1937,439,11,10,80,641,1309,66,1
8006,44,16,12,362,1892,59,45,31440,720,780,6973,1631,947,92,28,51,439,1483,70,1
9017,44,30,22,378,1447,80,49,13211,75,2851,3419,311,815,43,6,79,946,648,163,1
7693,30,23,12,470,1268,92,43,32202,270,2893,1161,308,275,14,27,58,984,1620,28,1
4652,38,92,14,158,907,16,34,14685,899,1439,3131,774,513,92,12,46,546,1607,118,1
7689,34,5,15,394,1095,62,25,40893,626,1894,65,1120,87,48,48,52,863,487,164,0
8218,12,84,15,264,1289,4,16,30347,62,2903,3933,964,798,20,3,63,155,489,112,1
7349,19,65,9,112,570,45,34,20886,874,708,1548,1136,922,14,46,76,533,297,44,1
9445,37,30,19,375,914,90,29,24881,320,1104,276,1660,641,13,33,60,96,707,15,1
2215,44,21,26,289,357,28,19,1057,102,22,6394,455,504,41,10,65,956,1723,30,1
1079,49,84,20,63,680,96,23,26381,429,1501,5300,1486,589,79,31,81,118,1711,161,1
3454,17,70,29,129,1157,66,19,40506,874,843,4081,1971,771,14,15,55,432,704,49,1
1070,10,22,22,358,1515,31,25,10813,722,1761,6776,131,240,62,7,57,354,549,192,1
2337,49,82,8,277,326,3,16,3958,954,1117,3393,929,652,67,36,92,275,339,121,1
3430,47,72,21,111,1537,8,9,27623,255,192,5907,964,739,26,14,71,743,479,189,1
311,12,32,19,303,728,24,1,19237,532,1019,2757,928,674,86,48,73,595,1792,170,0
616,16,33,6,249,1081,15,42,12007,570,1127,2714,120,235,92,14,86,503,858,183,1
3180,24,16,20,340,1442,43,19,4429,112,396,1159,1220,127,52,3,26,342,543,14,0
709,19,76,25,454,1965,31,33,28009,985,2688,5226,1829,502,51,49,12,831,1972,175,1
5098,8,38,29,422,1169,73,34,16532,313,1019,4410,1505,199,62,46,71,422,476,48,1
9341,31,98,19,251,1234,45,16,27155,998,567,3858,633,961,72,3,46,623,986,171,1
200,21,14,4,12,259,66,44,927,461,231,5416,1817,901,52,22,47,946,429,9,1
990,17,36,23,145,323,8,40,48403,708,874,1750,896,542,56,19,79,658,1641,19,1
2985,23,97,7,366,1902,71,18,18302,887,2622,6643,771,501,51,35,38,200,1155,69,1
6112,37,23,28,12,1401,57,34,31384,462,240,3437,1062,649,42,12,21,982,771,7,1
1194,16,66,28,482,1462,80,25,19099,865,90,342,565,491,6,5,14,942,1015,172,1
3337,6,85,4,356,1863,99,45,17822,92,2280,6727,511,20,41,10,2,151,900,33,0
3404,8,2,22,488,816,30,6,2687,52,457,14,1497,233,3,41,72,878,317,178,1
8329,25,91,12,499,1513,74,21,7292,805,2281,4149,1184,713,68,33,70,82,1965,3,1
1826,18,73,13,98,1347,18,6,42075,520,354,5611,288,790,4,13,33,849,933,107,1
5864,25,65,3,325,1533,69,32,41431,812,1005,6771,199,642,74,35,6,176,343,166,1
6719,12,75,22,431,1754,93,41,35701,98,1357,5445,1811,415,91,32,90,177,963,23,1
579,15,67,12,43,1388,39,48,34022,236,439,735,527,147,79,11,37,575,1453,54,1
5452,26,52,2,85,494,60,43,16978,901,1399,7741,916,969,40,48,14,268,1359,25,1
1905,41,62,24,191,1244,98,39,28792,374,345,4895,1708,28,93,38,37,448,1031,24,1
2743,45,23,2,88,1737,43,31,11881,581,2712,7119,1526,360,3,24,8,120,1682,35,1
3873,26,26,27,92,53,45,42,48282,927,657,1653,1271,307,1,35,77,753,798,70,1
7465,47,68,23,246,1574,23,10,19606,557,2178,4233,1406,882,66,19,13,682,841,185,0
4024,32,82,9,346,580,69,30,25393,649,2189,3659,1241,941,20,6,40,873,853,11,1
1696,10,55,1,97,592,94,18,22884,234,2463,2135,1110,161,69,40,92,848,1606,128,1
3019,16,6,8,90,1125,6,24,46812,32,1117,6205,1105,868,42,45,58,540,259,115,0
7816,7,35,23,48,1298,56,9,39338,289,626,4476,1085,851,81,44,18,299,1128,177,1
164,17,22,6,141,904,4,31,33472,638,284,2401,798,60,68,42,57,983,1329,152,0
1419,23,43,6,425,229,93,15,23255,579,1980,4371,1523,124,8,35,83,571,193,132,1
794,26,15,22,78,1935,23,4,18880,542,1679,1511,1065,455,83,4,38,519,1293,82,1
8106,21,86,25,40,934,6,40,8462,114,223,2163,11,70,27,33,32,184,808,195,1
7570,22,60,18,105,1475,32,9,3716,204,744,2921,832,837,25,13,86,311,1700,5,1
7353,7,12,17,480,410,18,45,37095,29,463,7035,1769,906,81,36,66,705,195,25,1
7216,14,49,29,160,1433,15,9,20836,643,1569,4176,840,875,82,43,77,194,1442,112,1
5606,15,42,12,430,736,40,26,5565,474,1706,3234,642,465,2,19,87,348,1102,102,1
5811,7,38,6,259,1000,96,4,42023,697,1164,3608,1138,242,72,43,25,519,847,119,1
2816,9,82,26,175,908,73,17,26677,253,2405,6057,1241,489,99,12,92,828,1806,182,1
547,48,45,27,473,1822,74,16,15248,798,1737,1671,1672,760,94,11,58,319,636,166,1
5996,8,35,8,220,1609,84,15,4035,905,1047,4429,105,220,48,6,75,516,868,8,1
1851,23,30,19,174,867,6,35,45953,922,2907,6270,690,472,16,12,33,355,17,44,1
8726,29,88,28,256,813,63,5,40985,386,665,4141,527,958,62,27,88,90,1298,13,1
6981,18,30,10,364,499,67,5,29525,62,1357,5291,1495,532,54,41,66,383,792,111,1
5635,31,78,1,326,1518,11,20,40266,515,1015,2974,1777,493,22,25,30,165,1517,54,1
2960,30,6,25,59,1790,43,15,19453,430,2133,2694,845,898,33,42,81,796,1794,136,1
8002,39,67,29,460,1503,17,18,3731,580,2669,7195,892,81,68,3,34,804,1650,14,1
4790,35,80,13,436,1607,96,47,26069,537,1055,2331,386,855,14,3,86,441,784,36,1
2378,18,7,17,95,947,4,2,27636,691,1765,2815,1249,878,46,20,69,509,1769,177,1
6665,42,52,3,282,853,63,29,49774,141,2288,2521,480,997,2,28,48,770,1873,126,1
8183,39,14,8,105,1715,68,13,42342,743,1914,3476,1777,521,82,23,40,156,1016,116,1
4505,17,73,14,159,1478,81,4,37571,300,363,6157,407,922,27,48,51,490,1404,83,1
9173,14,15,3,381,1302,41,42,39900,675,2870,17,1480,11,2,3,80,444,1816,71,1
6012,31,21,16,353,276,83,45,36820,311,1413,5024,1676,262,3,42,13,528,686,95,1
6624,24,35,13,455,63,5,10,5679,471,668,2975,897,656,87,24,90,678,1116,110,1
9368,35,66,20,368,537,32,31,27760,393,1881,5943,710,448,30,43,31,692,1840,148,1
5929,44,91,24,145,1553,86,41,30378,642,1395,7224,1647,191,44,40,39,78,1679,184,1
863,45,2,17,177,625,70,8,12328,445,99,5333,638,761,58,6,63,615,220,104,1
4156,34,35,13,14,1092,35,3,8467,758,2095,3626,1044,113,44,20,48,890,1346,146,1
3779,3,82,29,232,1858,22,48,34815,809,2887,3688,1682,25,74,11,87,884,1637,57,1
584,37,78,6,269,1073,65,46,9013,172,422,7877,1624,782,36,32,48,897,1370,94,1
1158,43,20,17,442,1270,84,9,48602,576,1504,3478,814,498,64,27,61,195,499,117,1
6303,40,82,14,252,964,22,30,37342,31,62,5315,917,507,8,21,12,913,1436,5,1
6467,26,10,17,251,395,11,11,25059,47,1133,3127,202,544,16,44,78,691,648,3,0
7519,23,25,8,159,1639,77,35,27725,130,1703,3469,416,61,64,48,56,213,200,42,1
9917,44,66,11,38,743,3,37,36225,352,598,657,415,228,2,13,18,563,680,92,1
4787,39,25,20,133,725,9,42,6781,978,392,5804,1471,814,25,22,27,22,852,41,1
3864,15,54,28,164,659,60,13,40613,845,1076,7995,1535,606,52,35,28,675,344,2,1
2501,49,33,1,93,309,76,36,11382,622,2651,625,84,34,30,47,82,283,1555,128,1
3134,4,36,26,97,404,87,13,19227,581,1313,3795,166,704,25,22,80,307,1652,182,1
5701,29,95,7,331,1240,14,12,23768,58,2030,6063,383,455,22,28,52,60,1120,14,1
3061,22,14,21,245,1369,97,37,2961,106,2385,7472,467,587,29,21,16,509,588,46,1
14,25,65,21,327,602,18,10,18849,812,810,1650,1095,890,9,46,77,378,71,84,1
5232,13,80,17,472,1763,73,9,49452,330,1406,2248,809,501,71,18,58,733,396,173,1
5325,18,54,10,408,523,23,7,15244,768,2800,4517,996,760,88,31,93,665,1179,57,1
4879,33,52,11,121,1211,74,2,5001,824,1160,4764,1544,594,63,46,9,366,162,198,1
886,16,3,22,98,405,83,23,40916,683,1532,3496,1816,24,21,37,26,12,628,38,1
9193,45,99,9,167,380,47,39,28383,383,1386,5879,472,568,14,21,28,263,1693,130,1
7037,42,41,9,103,867,69,40,21723,985,881,3716,992,31,55,14,77,484,707,157,1
4152,44,6,24,117,800,47,39,48935,162,1600,3693,1281,830,73,25,36,856,1382,34,1
6976,2,25,5,363,667,87,21,40920,997,2683,7694,274,11,19,27,9,515,1887,184,1
7089,35,13,17,95,1351,30,23,5615,286,254,1384,1773,318,46,40,47,265,187,156,1
7997,42,98,9,350,745,25,29,22871,71,2068,4248,1043,844,86,23,78,619,1922,177,1
6809,34,8,17,210,1402,28,14,25544,767,2576,2050,1513,603,52,31,51,694,856,189,1
4475,30,21,24,21,393,98,26,33991,454,1169,3053,1768,0,52,47,76,159,496,51,1
645,13,98,21,278,71,25,5,8674,886,1232,1393,489,434,0,29,57,497,1811,117,1
1703,13,68,19,177,1839,74,31,47212,567,2424,6512,1756,837,1,47,32,288,1694,13,1
9884,18,25,27,120,514,78,25,46074,835,166,7824,325,135,57,30,67,68,1280,162,1
4762,32,79,7,353,248,58,31,885,397,1574,5826,528,195,18,26,57,455,1287,155,1
8321,32,68,23,472,204,94,20,18696,515,2909,406,891,132,61,20,54,122,509,185,1
840,35,45,9,185,687,41,44,11874,26,617,2658,88,984,77,38,16,845,550,29,1
5187,39,60,7,95,1996,25,17,37385,313,2660,5616,485,85,71,19,62,764,1385,89,1
9571,46,12,13,86,1255,78,45,3865,126,1626,6132,707,475,11,27,84,831,1545,134,1
8942,29,32,11,328,70,99,2,49448,408,503,4329,349,806,25,25,96,578,1811,166,1
8318,49,96,14,453,1162,48,25,2479,565,913,5699,1107,790,26,40,56,498,22,94,1
5959,29,92,19,118,999,98,13,42000,198,2127,3928,386,323,28,38,23,416,1592,68,1
2848,44,13,11,261,694,10,39,41936,811,585,6685,86,179,14,23,17,376,160,162,1
1160,16,31,13,62,165,99,28,44448,188,1959,272,306,515,45,29,80,69,1083,126,1
7570,44,78,14,158,1950,75,42,2657,698,2736,5529,1873,637,0,15,38,338,1248,51,1
1941,47,20,13,369,1411,11,6,25700,817,396,5917,1177,174,59,3,72,737,1000,141,1
9214,10,18,1,408,1655,85,3,38748,810,1632,5135,439,762,91,10,83,478,653,62,1
1674,30,93,8,120,1814,21,35,32403,716,1881,5444,739,20,56,15,30,754,381,35,1
1091,25,60,12,347,932,86,18,36840,484,402,7885,1983,996,2,16,58,576,1146,90,1
522,39,63,19,270,877,45,11,12041,450,975,4226,263,951,17,17,98,894,261,151,1
7815,20,6,12,319,912,7,20,21218,523,224,6454,976,104,51,19,78,729,1996,167,1
5247,5,32,8,207,1823,81,5,31149,871,518,1730,734,577,59,11,22,72,1374,156,1
569,1,93,8,45,1619,64,19,39435,354,2682,7683,420,442,33,48,17,193,62,52,0
3682,30,43,29,109,1008,64,22,35969,986,236,1117,492,774,95,5,15,320,1163,108,1
7414,49,2,21,393,1470,2,19,31466,658,116,7527,632,48,92,5,48,802,1869,149,1
3353,3,60,13,382,984,76,47,5630,597,226,2680,992,527,88,14,32,547,202,71,1
4080,45,23,12,197,1240,42,16,7104,100,2278,5476,410,144,59,26,77,186,600,14,1
9672,14,83,29,405,397,82,24,24140,616,182,4789,172,339,25,8,85,584,1090,112,1
590,30,31,16,282,1513,54,41,40437,948,1342,7186,3,761,71,5,40,438,106,68,1
7014,4,5,1,358,1824,75,4,15873,558,210,1285,853,854,18,7,97,82,207,115,1
8140,18,83,13,241,896,16,15,46065,556,1416,1237,1663,353,21,16,57,856,1680,191,1
3157,37,34,26,429,847,18,25,37391,278,2144,4381,985,74,92,14,58,176,156,3,1
4259,25,10,7,225,1373,99,44,15389,693,894,4543,1495,801,32,37,91,234,1717,74,1
1689,48,89,28,72,1902,59,35,3541,699,1882,1868,1133,928,37,41,99,586,1608,145,1
3516,1,2,26,201,349,90,14,756,990,2804,4937,1890,793,34,4,16,590,1610,41,1
7263,46,11,5,260,213,16,49,32007,626,1110,4489,1060,577,66,36,28,961,1328,29,1
2754,15,50,8,143,170,6,19,15778,491,2463,621,582,636,82,48,98,18,732,142,0
9445,9,31,25,316,1573,57,38,7047,255,2027,7655,1824,318,9,17,1,245,1654,69,1
5198,15,56,27,439,401,47,36,38051,381,394,151,1054,86,90,47,41,719,1827,182,1
2151,49,79,14,153,778,48,7,38573,892,2744,7451,1974,552,14,36,48,933,693,180,1
6627,24,73,23,103,1710,42,30,25213,542,844,4621,380,981,10,6,31,694,1045,15,1
2489,4,87,13,80,584,76,19,17768,264,1525,4730,1291,697,89,16,36,803,1951,110,1
6494,12,83,15,286,543,60,49,22022,610,604,3682,1034,865,23,29,33,37,342,103,1
9837,37,9,23,375,1103,77,25,18281,825,582,6582,343,891,76,36,33,817,1253,106,1
7431,37,99,17,407,902,4,16,39669,879,2043,6292,1863,846,95,38,82,920,1431,122,1
9959,43,21,15,113,414,2,47,12176,329,1940,293,1567,777,3,37,23,655,1375,161,1
4462,6,73,20,192,617,90,40,23645,115,133,1414,1592,782,12,48,60,36,1831,26,1
5891,39,28,18,203,1708,59,8,40683,276,2839,18,165,41,72,48,87,559,521,12,1
6675,46,62,18,307,1624,27,18,12168,488,2697,261,699,92,56,10,79,205,181,154,1
2859,24,7,2,331,1550,27,28,3367,281,2269,7518,341,696,97,41,90,212,1501,72,1
7400,11,80,4,158,837,79,16,45030,275,976,1726,1505,726,36,36,30,94,1781,196,1
6915,13,16,1,44,1153,72,19,44165,773,1814,7517,1042,506,47,29,89,841,1199,85,1
2499,34,97,4,137,1847,7,42,43208,843,1544,1428,1651,528,70,14,45,39,1732,30,0
9833,25,4,18,409,699,63,17,47681,719,2836,5331,979,955,0,4,80,475,1203,2,1
9217,7,4,5,466,1721,46,45,49366,896,2739,4958,1207,264,59,44,39,108,573,29,1
9550,4,40,19,136,911,63,13,39878,328,1358,2995,1805,625,11,42,45,908,521,148,1
4621,8,17,15,283,1250,12,7,15554,211,39,1200,544,291,20,36,78,199,1864,98,0
2849,20,52,28,366,65,13,27,3107,727,1317,4564,1033,968,10,45,81,21,1222,133,0
8537,29,93,8,88,375,43,10,26710,923,2738,4370,1615,463,43,13,12,612,1153,159,1
5888,45,52,20,403,1732,17,34,37246,552,162,1249,191,803,57,46,93,39,114,169,1
9097,46,36,17,246,1537,63,36,452,992,1910,3228,319,559,43,18,32,734,683,189,1
6313,10,38,1,120,1777,81,25,8655,26,1128,6771,1725,818,77,33,56,47,816,159,0
861,43,50,12,113,1800,36,6,15811,27,2209,5307,579,96,97,21,24,862,1074,98,1
1697,34,63,26,225,1958,85,24,27093,702,1659,3475,474,886,33,16,13,581,898,85,1
6843,26,63,19,396,464,8,18,33685,83,1964,4172,1883,94,24,15,20,303,885,166,1
2437,41,62,15,45,113,69,23,13829,896,1058,7590,636,325,3,5,79,369,686,63,1
9770,49,99,9,372,86,90,6,15205,946,2290,3974,426,73,63,6,56,664,330,117,1
4010,3,7,7,151,239,80,29,41028,682,967,1311,1871,335,89,38,53,923,1919,157,1
5062,6,27,2,116,1947,36,25,33182,413,890,2126,1082,67,15,3,68,189,344,190,0
2748,5,92,29,107,1291,28,17,23901,167,2161,2407,1459,757,9,48,54,806,1193,113,1
5742,5,86,9,50,1297,93,46,15416,700,2366,5851,96,917,65,12,34,121,273,158,1
5397,47,14,10,416,340,47,24,28458,169,2071,501,495,76,34,36,28,751,874,86,1
8012,23,71,2,498,1215,76,11,6621,801,2872,3404,1810,207,82,33,50,453,1563,39,1
5546,49,86,19,479,902,30,26,49781,979,2749,5088,660,883,5,36,2,30,1718,160,1
3923,9,5,11,328,1801,23,34,14067,229,1667,3611,1301,765,18,33,94,154,1510,190,1
1076,35,55,13,382,1583,16,28,39286,979,1442,6728,1288,220,58,31,26,508,361,24,1
7733,20,2,10,275,697,14,3,4200,609,1068,914,8,261,52,21,51,155,1578,163,1
4390,49,62,14,487,36,74,11,45883,367,128,7619,456,409,7,27,47,450,1806,151,1
4117,42,91,18,425,1309,71,38,19473,528,2924,377,1818,330,77,27,26,896,1243,94,1
5736,35,21,19,389,1685,52,14,4187,791,158,4462,272,343,9,8,84,430,1529,185,1
3383,18,79,22,199,308,37,26,30042,647,827,6241,939,988,66,37,92,325,1928,166,1
8955,17,21,9,371,966,29,48,45054,538,1891,1349,1836,770,37,32,84,175,1875,45,1
2092,24,10,25,284,808,67,21,28952,864,2900,328,1031,819,28,26,75,661,1415,137,1
8977,3,87,7,287,1124,15,39,49654,524,512,2436,207,73,14,2,74,212,685,31,0
6758,32,58,28,44,489,47,30,44971,72,2093,4675,1937,636,86,12,61,505,1514,96,1
9827,35,39,3,451,582,46,8,13883,645,2267,4836,1660,699,22,22,23,765,928,163,1
427,38,5,20,193,467,52,20,1431,106,443,2789,1146,253,81,17,37,634,1969,155,1
8316,13,65,6,168,1484,19,48,8204,732,2363,2398,1056,958,45,7,41,477,14,143,1
8818,47,13,27,486,374,77,32,34285,885,2225,3925,1536,832,82,43,52,722,43,15,1
3984,25,85,21,481,868,21,22,13489,965,2276,7275,203,819,27,4,83,394,1825,17,1
3277,9,90,2,28,1708,64,7,19172,689,1727,7387,517,746,25,37,82,323,1178,135,1
835,4,85,29,28,360,37,9,24006,282,2007,1220,1832,985,9,38,49,780,360,74,1
7678,14,53,6,494,1688,27,45,17314,133,1696,1700,1974,761,46,32,27,264,592,197,1
5755,37,82,3,8,1433,55,1,44824,534,267,1912,516,331,3,11,6,968,474,0,1
9718,34,45,16,327,262,29,29,3199,975,2918,4819,442,397,54,1,74,926,357,189,1
422,11,32,8,294,790,20,8,24710,269,838,785,1615,344,65,25,66,32,1775,124,0
7553,41,36,2,445,1914,25,4,40710,412,489,1024,1809,583,66,42,24,914,134,37,1
7597,3,81,17,437,812,70,35,20578,673,702,3270,688,746,6,24,38,767,1823,44,1
738,28,99,9,475,1021,63,3,48954,619,687,1408,849,835,54,43,28,348,1304,185,1
7174,29,60,12,185,468,36,45,1218,791,996,1431,832,667,79,17,28,502,366,80,1
8877,9,11,3,252,1732,2,40,45174,865,357,668,338,454,30,8,66,832,536,128,1
5998,3,63,11,120,926,22,7,35947,747,872,5873,1461,905,73,45,61,520,1787,31,1
2514,25,21,1,283,508,96,27,15082,18,1974,2652,1468,114,18,27,46,375,507,135,1
2977,34,52,23,369,959,16,1,35344,754,2252,15,1159,312,27,18,69,381,1186,117,1
2796,12,55,13,73,1959,18,27,43877,117,552,6335,386,227,80,27,75,924,62,39,1
1132,42,26,15,355,517,69,16,3566,798,1811,6874,1048,833,27,22,74,839,158,183,1
4089,9,68,26,258,1337,54,38,19801,794,323,1043,505,857,18,16,43,608,512,190,1
1581,15,34,5,185,510,30,7,30423,144,2642,2830,1348,244,86,2,59,228,879,73,1
5083,40,52,21,322,812,45,44,30320,717,2229,7469,1718,817,19,5,2,484,1483,110,1
5114,25,82,17,173,607,19,23,10436,551,2547,6559,679,525,12,18,15,432,228,102,1
2153,5,99,25,317,175,87,41,36373,929,83,3008,1361,527,76,3,37,365,1658,102,0
9889,11,93,23,253,1448,34,11,48830,666,2351,4685,689,949,42,27,71,469,1833,73,1
6816,34,52,24,192,471,13,42,14207,688,262,1080,884,426,10,17,20,512,1310,163,1
7367,24,29,25,58,929,43,33,37929,961,784,7812,1118,41,47,16,98,36,461,113,1
3450,15,38,6,330,123,62,36,39570,753,1224,7200,1568,464,14,6,35,951,1461,122,1
3776,38,42,28,361,1466,93,37,49647,422,914,6725,622,621,16,7,34,811,92,56,1
5654,8,21,21,317,1001,22,41,39182,898,2740,3093,1169,277,53,14,86,810,1995,73,1
2924,5,42,22,142,1389,52,17,3676,369,944,5475,892,835,49,38,31,869,1251,82,1
4978,48,13,11,172,1961,52,35,20450,646,2731,5552,952,18,27,40,87,232,747,172,1
5927,26,64,18,395,1728,36,48,36693,558,1319,7822,1254,65,82,15,19,873,1815,78,1
8797,18,17,4,107,216,73,5,38315,50,1536,5955,783,166,3,47,68,699,536,129,1
738,6,9,3,426,1801,19,48,16029,678,689,7401,1871,584,21,47,24,157,413,92,0
1375,37,41,13,89,1268,38,32,11579,106,2444,1794,494,402,85,48,84,433,299,195,1
4502,48,1,23,321,1475,70,3,16695,216,1773,3041,1061,911,38,33,39,748,429,49,1
708,13,2,9,216,1388,79,47,26474,658,839,7382,1448,821,33,43,92,360,348,28,1
7196,28,60,21,7,524,57,35,13432,923,878,7603,1670,408,96,27,54,195,786,80,1
405,5,48,6,388,1241,20,14,4075,425,2871,7466,1869,111,43,29,39,424,720,9,1
7410,13,29,26,183,718,9,48,43276,72,49,4843,746,273,41,37,17,815,1703,154,1
8092,17,97,28,346,1886,32,31,13894,988,2837,5877,436,406,39,5,19,991,1878,116,1
4181,40,10,12,307,1158,4,31,4225,842,293,3658,1854,372,96,29,48,438,996,142,0
4370,45,58,2,456,147,50,17,30569,785,1652,3180,1391,596,11,32,35,50,968,59,1
2512,32,60,3,480,348,82,24,9224,759,536,4304,344,650,1,6,32,914,1452,158,1
727,29,21,3,336,546,5,23,3493,446,311,1081,1183,38,27,2,47,402,1942,148,0
2792,3,28,28,42,77,20,18,21445,925,537,978,549,104,73,6,47,712,1240,59,1
4956,40,75,12,424,1606,87,14,10775,186,1927,7088,1685,323,85,46,64,88,695,57,1
5496,34,34,15,243,1574,75,15,33511,70,2687,5499,1935,792,80,43,46,726,1729,168,1
8345,40,8,9,173,392,37,15,41165,974,234,1870,819,958,89,4,35,905,1298,173,1
4990,27,59,23,457,28,22,6,44598,150,1233,3130,540,991,66,29,94,799,1791,44,1
7276,13,86,8,401,692,58,27,31401,246,2653,1304,143,413,70,25,17,793,1069,123,1
4501,45,72,11,347,1483,68,15,18246,774,2142,3411,587,428,71,9,42,553,382,25,1
7202,33,49,16,318,83,93,36,46659,538,2375,5155,656,634,83,3,29,459,1521,101,1
5598,6,79,26,310,582,44,8,14304,935,2273,1163,1764,729,75,26,70,483,1292,50,1
7661,24,17,27,34,948,34,15,14071,652,967,3134,1599,888,98,48,17,151,1003,163,1
3646,19,60,25,194,1698,77,3,46186,99,890,109,1882,60,80,43,81,260,540,51,0
1177,16,87,22,361,1309,42,47,5774,910,2059,7438,344,611,91,27,14,303,933,50,1
1072,40,88,4,29,1081,9,13,28740,278,35,7694,1292,306,9,36,24,619,32,130,1
2166,28,45,28,116,220,95,41,1457,563,447,3572,1863,353,85,32,57,145,113,13,1
7870,33,83,1,415,864,7,34,8082,663,1764,4353,695,392,56,1,50,493,250,176,1
5171,48,69,24,439,1953,68,24,47390,944,2489,4395,1796,203,96,16,57,798,1014,0,1
5315,41,32,7,210,660,19,40,17844,455,2701,6816,267,257,85,48,61,321,912,184,1
6551,13,44,2,189,1655,94,32,19931,104,1559,1186,168,485,36,11,39,823,1906,144,1
4739,43,65,24,386,1003,31,32,20806,946,595,4649,1794,516,76,26,55,564,1749,177,1
9358,45,87,28,383,704,35,30,40212,601,2026,6779,1762,445,90,40,96,641,1286,13,1
7340,25,8,5,51,549,57,49,29466,653,2277,3143,32,708,63,1,36,741,1175,186,0
5344,42,77,7,378,1742,85,13,49753,725,344,5878,376,179,78,26,37,55,823,80,1
8934,36,72,4,232,1224,61,1,44404,233,1104,4399,1237,341,85,28,14,245,664,2,1
4340,27,87,5,43,1348,31,34,25802,394,1420,3539,1585,132,93,9,27,57,1484,97,1
8020,38,43,24,20,910,83,15,12976,501,1314,5849,1463,442,39,44,83,207,792,39,1
6811,7,1,1,26,1596,95,44,33815,695,1479,5944,1515,835,97,22,31,93,316,88,1
4856,5,51,1,217,1694,53,14,14440,251,1152,4201,392,252,59,8,73,552,1533,124,0
6741,43,24,15,314,789,32,29,38917,521,2957,3132,488,264,97,49,81,170,1655,193,1
7251,45,99,20,153,1595,66,34,21989,79,1922,6480,721,92,47,42,83,437,17,161,1
963,31,24,19,460,1933,59,18,27357,52,1383,6984,945,661,98,27,44,80,1102,94,1
2549,23,17,29,245,1791,10,7,30878,898,2575,1779,1052,410,18,39,68,529,1735,8,1
7066,42,5,10,276,1146,2,29,28563,921,2123,6541,38,137,71,19,48,978,1724,93,1
1552,10,20,28,63,179,66,31,24552,781,1570,3819,1882,207,32,25,57,907,584,83,0
5303,32,21,18,291,1501,60,25,30113,226,1895,4974,1635,636,43,38,75,922,1101,20,1
1201,43,58,28,430,1711,88,38,22536,51,2244,6529,1196,745,91,21,22,61,1751,24,1
6323,30,31,3,206,1954,17,14,46327,186,1867,96,1040,572,36,24,4,54,921,101,1
6948,39,11,11,36,1047,96,8,38308,34,29,7963,1079,306,88,24,81,302,1441,121,1
2691,31,52,15,447,1748,16,27,31742,803,706,451,225,265,35,19,72,947,527,171,1
9419,18,15,27,166,297,16,2,38434,742,1021,113,1581,645,80,47,46,821,1152,24,1
1550,36,83,11,259,1940,46,17,16008,131,2064,4417,66,317,87,2,59,474,1858,136,1
6182,2,7,17,258,198,39,37,35066,632,1447,3244,1220,112,20,14,34,894,1064,102,1
5551,14,28,17,13,923,31,14,17282,443,2853,5936,1677,900,1,32,11,559,1551,189,1
9590,13,51,6,469,1188,88,25,10798,838,2988,4058,834,377,30,42,31,876,492,153,1
1375,29,58,5,143,1600,1,30,10564,759,1660,6044,1046,453,96,32,11,389,216,56,1
8701,12,5,8,484,703,11,29,22788,432,967,5559,998,190,29,28,56,752,678,36,1
9882,39,5,2,14,1755,85,20,8745,704,2277,4542,1629,890,75,48,38,487,588,15,1
8712,2,94,16,218,897,4,21,8120,497,2763,6366,1777,439,43,39,21,271,396,36,1
7504,32,96,20,277,480,71,22,27815,403,573,1250,236,186,11,40,94,589,421,75,1
4322,13,8,24,328,1108,26,35,41712,323,1607,2725,956,830,50,42,10,188,1875,151,1
1334,46,64,12,52,286,50,37,30811,210,615,5652,918,366,48,47,26,366,1403,25,1
9357,27,10,6,440,949,12,16,16748,615,326,282,1946,88,23,40,91,428,1386,19,1
3151,49,38,1,115,1678,95,49,15173,329,2923,3061,1589,186,23,13,8,707,1977,136,1
7429,41,96,4,157,1376,81,43,35194,372,359,4669,1161,818,59,12,8,962,1369,102,1
3496,17,92,17,127,1458,97,17,25666,460,1811,7746,472,945,10,8,60,210,900,28,1
1820,40,81,13,409,580,75,16,37196,133,2372,5110,1868,131,12,15,72,911,915,30,1
6598,31,95,18,361,1544,92,2,11232,835,1722,2927,1807,871,90,26,34,22,1322,18,1
2933,34,8,5,106,866,96,4,24883,651,1350,2518,552,634,71,12,16,452,972,147,1
5311,24,25,24,245,1010,65,21,33392,121,165,843,1633,559,73,43,13,735,974,26,0
4196,45,73,24,325,1215,47,39,31381,606,1597,2806,694,799,71,46,87,741,149,93,1
8915,35,66,27,195,467,92,34,46148,452,1628,7774,1663,375,63,27,76,295,1986,84,1
5987,48,79,3,221,927,53,30,26178,965,2846,5708,1252,690,19,18,91,765,309,43,1
4278,6,50,11,55,1884,71,6,31606,129,2503,6986,316,691,71,45,22,877,1046,162,1
4758,19,67,13,296,842,2,17,22019,91,1177,34,597,98,72,36,96,267,673,112,1
4859,30,49,4,85,1097,24,39,21926,604,1151,6507,767,841,70,49,27,579,1461,198,1
9445,7,36,26,493,848,4,25,8999,575,193,6043,1744,33,77,27,64,557,834,149,1
3719,10,68,27,387,1293,19,5,24568,29,2675,7460,1750,931,27,9,2,849,1897,73,1
9283,41,78,14,92,202,26,5,5720,722,2578,6234,885,581,1,39,97,950,409,86,1
6629,32,41,22,198,1688,75,20,24149,524,92,1262,1635,170,42,1,26,499,1001,142,1
8657,34,89,11,108,625,40,16,39385,333,139,6895,560,365,7,7,92,507,1142,93,1
9096,28,62,27,275,415,50,41,12766,297,481,6461,1224,783,12,26,83,914,1518,97,1
9586,15,10,10,100,1759,43,37,38935,130,2497,369,1971,58,84,7,69,903,1921,140,1
3082,30,21,19,427,1787,75,40,7887,293,1357,1805,257,180,91,7,97,714,1389,131,1
6540,37,36,18,383,952,67,9,49405,173,2917,5923,1503,18,34,8,84,342,158,55,1
514,29,12,6,202,730,12,5,47349,720,340,5963,1911,225,22,16,30,571,1912,150,0
1224,22,91,27,5,102,67,42,19209,944,1076,909,1201,472,45,3,8,984,1749,96,1
1541,4,2,29,499,439,27,2,41316,24,2514,7441,756,94,14,45,38,41,316,97,0
7586,20,13,15,411,663,54,9,36927,99,2766,4798,122,880,1,10,61,619,1566,33,1
833,32,53,21,382,1467,66,43,21610,406,799,2183,341,296,60,7,81,52,1093,99,1
938,36,32,10,171,1437,49,36,17156,356,475,2855,1194,592,75,21,65,902,444,144,1
5039,4,95,5,130,443,16,22,46339,139,2449,2841,1868,174,63,37,67,360,30,155,1
143,27,16,26,317,1145,2,22,8770,503,1463,5956,1671,221,51,31,46,343,884,13,0
2115,17,32,29,85,1962,60,22,37711,826,605,4451,1082,614,35,23,90,831,391,161,1
3637,12,32,5,422,384,54,34,49545,174,2980,184,1728,53,66,27,95,568,254,111,1
6326,22,98,10,255,1092,30,29,28412,29,2970,3878,1488,694,68,22,72,279,1935,74,1
1862,17,11,28,173,1076,84,38,28308,931,821,5604,1803,862,66,39,43,953,1106,184,1
4920,10,10,5,481,216,38,46,21832,496,2705,3965,259,402,46,27,59,832,1482,96,0
4185,1,15,3,77,789,28,33,41218,655,598,1191,1396,317,82,49,46,422,1109,120,0
5358,22,17,23,145,1329,25,18,21170,828,1533,5907,1996,866,1,4,72,952,707,54,1
9452,26,40,6,74,1151,96,7,19840,351,514,3964,94,348,43,24,35,584,599,193,1
6200,18,18,4,266,541,10,1,27962,554,1527,7268,1148,442,63,23,39,28,399,116,1
1266,14,55,18,344,1255,60,33,47424,299,1878,778,40,832,80,48,92,356,1610,92,1
3386,47,73,28,312,175,42,1,42957,720,1700,4610,1914,579,77,19,51,914,1375,36,1
5655,29,25,9,249,652,40,24,34862,842,1030,4465,253,539,27,42,4,622,1323,195,1
3496,12,59,17,7,1189,97,4,49620,945,500,7129,6,785,90,3,80,46,577,25,1
3594,36,78,29,341,1217,77,4,36210,192,1685,357,1494,281,53,27,77,628,1364,188,1
9598,35,89,13,67,99,42,18,19206,672,717,6948,727,359,73,3,84,101,268,66,1
8063,12,22,27,53,1127,47,27,10722,64,1142,7608,1534,914,66,28,51,829,435,83,1
3340,7,30,15,80,22,37,43,14494,755,1509,5207,1604,822,35,17,5,194,1735,179,1
2713,29,84,20,372,982,80,32,6834,770,2649,5349,68,630,62,31,55,737,1039,17,1
8672,11,85,17,179,1867,22,33,17979,664,666,4512,1104,891,24,10,20,37,15,180,1
8130,33,44,13,113,814,57,28,1120,215,2516,4835,541,952,85,49,24,557,200,190,1
7124,6,32,16,187,954,84,42,22956,834,2209,3033,1608,645,47,22,36,381,157,180,1
1363,47,51,22,196,751,27,41,34668,166,2318,122,1285,640,38,30,34,841,414,26,1
5073,15,46,4,69,1867,41,36,45208,543,1080,486,88,7,46,49,54,539,267,30,0
8559,32,21,5,341,1837,80,6,2989,883,228,4292,1938,992,93,21,34,354,739,105,1
7585,11,99,5,455,1471,34,16,29891,232,2897,6739,1231,562,20,36,83,428,1512,128,1
677,23,32,9,478,1571,32,34,42913,794,149,2642,212,490,29,23,17,205,99,5,1
4478,26,94,17,275,1620,90,23,16351,541,1070,6807,833,340,91,38,5,87,833,10,1
9347,34,39,13,104,885,89,42,7244,195,1168,111,265,471,30,12,89,176,1897,161,1
6829,46,12,2,36,1969,66,24,5901,506,632,4482,911,792,25,25,18,99,19,190,1
3729,34,47,13,356,1844,12,49,16428,334,1364,4883,292,686,21,20,55,273,1120,180,1
2755,29,18,22,132,1183,40,13,728,768,413,6538,1230,694,20,49,53,481,1795,17,1
7493,4,21,21,456,669,73,18,30690,793,1756,248,332,703,0,49,50,217,847,20,1
549,17,13,27,406,1041,76,13,33806,304,520,2637,1100,248,36,42,72,733,1184,18,1
4974,35,21,23,373,1062,90,49,29827,833,1368,7017,1311,234,76,7,91,280,997,3,1
4845,13,8,19,343,305,73,37,26233,437,2435,4568,1004,82,84,29,79,272,634,76,1
3785,41,46,3,47,995,10,43,27495,323,2323,870,46,92,45,48,45,515,39,115,1
6052,39,7,10,376,935,96,39,1552,502,2401,2986,621,884,8,29,13,794,137,156,1
7112,15,23,2,423,1754,98,42,21715,858,1103,1566,1223,393,16,13,16,521,1111,24,1
7322,29,96,13,492,649,48,17,16248,914,598,5334,426,823,46,3,86,863,430,183,1
5330,29,75,19,82,349,20,15,21461,393,1660,608,209,267,84,2,84,735,1088,76,1
6142,11,86,26,318,637,39,18,15917,806,1686,5761,887,416,94,16,13,895,1513,190,1
7901,32,22,17,293,448,60,23,14316,599,2606,3067,1443,631,58,30,20,585,314,154,1
2789,2,89,21,274,1177,66,30,39472,149,2161,4023,153,582,53,38,66,533,555,187,1
934,47,22,14,166,951,65,34,35258,761,2189,5197,1545,528,85,6,99,731,1138,48,1
1591,14,92,12,193,839,51,4,43052,833,1925,2020,414,252,11,45,47,321,1205,64,1
7724,20,29,21,251,1780,36,3,31263,405,730,1663,1376,956,63,7,19,183,1532,165,1
3334,22,13,12,392,528,24,7,7417,283,589,3385,1180,121,5,5,45,440,31,82,1
5723,11,82,11,220,985,27,18,13540,362,2459,3772,1284,891,52,7,37,777,1320,179,1
7036,27,2,7,319,1078,2,42,35412,379,377,3775,1100,9,15,34,54,472,400,0,0
265,3,29,4,417,964,31,7,38335,198,1408,5834,768,798,89,32,6,110,626,167,0
4814,17,85,19,343,1272,57,40,9269,556,1870,1618,982,315,4,49,14,25,158,80,1
1848,44,79,1,394,961,78,6,6360,356,751,4960,1511,837,72,13,4,718,1305,20,1
19,28,52,28,381,953,66,22,36357,540,627,7358,1154,272,45,30,86,267,1821,85,1
2881,29,27,24,485,164,29,1,29681,429,1630,1884,578,305,13,25,55,905,308,14,1
8999,21,50,29,437,1214,15,4,14794,17,995,5377,1478,804,43,21,34,253,181,49,1
7419,47,95,3,172,1248,12,46,19917,639,1584,4113,739,209,62,21,27,357,56,47,1
7428,16,79,13,343,97,28,49,18675,379,703,2351,162,957,93,28,7,258,635,159,1
5134,37,23,15,197,1289,84,43,6428,680,2510,1104,1038,729,51,48,3,114,1820,48,1
1025,20,88,2,457,1544,24,29,19199,506,2060,1079,1255,752,25,20,47,703,1849,195,1
2203,6,44,11,287,1106,21,21,42183,756,1180,791,194,885,52,34,97,676,216,107,1
8425,19,77,4,340,940,10,26,11472,899,477,153,1884,463,28,5,2,296,462,44,1
7459,5,22,19,394,188,78,14,27976,76,2987,1759,541,711,18,18,80,178,1428,31,1
4168,3,43,29,492,221,18,9,37729,231,401,2174,358,727,46,39,25,429,934,131,1
3935,1,37,17,17,1838,88,47,33221,716,2856,7383,849,716,7,43,60,56,763,192,1
6980,38,61,3,244,1267,14,12,13230,962,2225,5404,1354,924,22,11,79,52,1334,96,1
6948,15,97,28,324,474,34,42,27351,248,57,6686,426,415,34,17,24,330,717,198,1
4794,34,56,18,450,1784,58,6,36981,302,1876,3761,496,215,94,48,15,827,1018,192,1
4010,35,3,8,487,1256,76,20,24064,726,448,1184,827,79,52,45,95,230,685,79,1
1643,49,63,22,151,640,22,24,49289,215,203,3314,485,778,98,22,14,522,1209,145,1
7276,25,19,25,208,834,70,27,30986,158,1657,2428,1831,479,95,37,54,721,864,53,1
8712,24,23,24,84,1297,36,38,14386,69,738,4182,1472,901,57,20,78,450,792,126,1
394,12,29,26,383,1240,45,8,22250,393,202,4592,1436,890,4,48,6,153,1143,174,0
414,18,30,19,47,616,36,1,5520,85,1354,6504,329,546,15,48,78,899,693,133,1
8185,15,39,5,462,894,22,49,30909,267,2411,6126,1755,800,16,48,81,37,972,65,1
2010,44,25,7,93,1767,78,49,15003,69,892,929,888,17,31,46,18,863,873,136,1
9870,16,8,21,152,375,80,24,39094,611,2502,5397,990,164,95,6,20,859,1235,195,1
5999,27,58,8,99,285,61,47,38557,347,2404,1608,1170,524,51,34,62,799,177,108,1
1470,8,16,28,456,389,56,7,27483,962,216,7216,258,201,19,14,81,562,1647,22,0
7200,46,72,5,432,1776,89,19,26007,728,2603,3057,291,740,65,48,80,853,95,106,1
7150,25,1,17,155,1342,96,22,6573,927,2935,5697,1834,345,83,23,40,668,1687,170,1
3646,17,5,5,6,1664,33,35,21437,673,23,4223,142,365,81,20,39,866,1992,50,1
4819,29,3,4,380,1301,45,30,47811,423,2203,7521,1960,976,0,13,52,699,858,71,1
4188,8,65,22,26,954,36,29,31219,606,1210,4808,746,447,57,47,32,836,1758,102,1
7255,15,4,19,375,1818,20,22,45691,174,2297,2382,626,512,92,44,73,846,1084,152,0
6610,27,99,27,317,1097,18,11,23040,677,749,3485,1388,318,92,41,27,939,1145,79,1
6007,46,96,21,489,819,38,20,29711,115,805,5091,89,216,82,32,52,176,1496,162,1
2058,7,64,2,332,1383,67,29,13469,220,134,6471,719,33,43,26,97,644,451,144,1
4790,3,98,11,11,934,23,41,14507,956,321,3187,1187,870,5,14,63,595,280,17,1
726,29,89,22,210,1948,96,42,2114,31,2438,2822,480,265,49,36,74,760,1610,154,1
7949,44,10,13,444,503,16,34,38133,523,434,6141,83,639,71,8,63,258,353,142,1
5575,24,21,15,379,1556,59,1,10616,343,1046,3165,1100,723,87,40,17,784,1216,80,1
4554,3,46,12,455,1131,69,31,33135,377,873,6581,672,774,19,22,49,773,512,106,1
4986,20,91,22,118,1979,68,30,31578,130,2906,4810,516,823,13,22,81,366,1877,68,1
3429,46,27,21,276,1104,21,48,6180,617,2099,4894,484,79,4,16,82,120,1043,79,1
7249,15,66,22,87,373,78,18,40237,539,2224,716,1613,676,40,27,23,701,503,142,1
9776,25,41,11,183,579,95,17,2092,739,2918,7271,1626,412,39,10,98,709,1267,41,1
259,30,13,7,214,1835,78,38,4648,2,253,2591,1622,251,33,25,72,829,1331,33,1
8875,14,9,28,468,772,70,14,43032,871,966,2653,781,11,79,31,13,728,253,47,1
780,7,36,5,332,285,12,23,32936,101,739,7318,103,400,44,21,23,243,1542,135,1
4373,17,86,17,128,59,16,25,33527,533,1130,1722,1475,815,70,27,57,33,1384,137,1
1087,44,90,24,485,1391,81,15,48675,58,1340,4357,1510,723,79,17,62,35,276,4,1
8437,20,58,20,117,737,87,46,28766,389,302,5313,338,281,70,33,54,390,1663,115,1
8590,36,54,9,16,915,14,22,12651,692,2596,7412,686,111,26,31,20,739,1689,175,1
7911,9,12,14,130,937,61,3,36068,941,1978,875,1589,722,77,42,86,355,902,116,1
4868,38,81,26,57,573,71,19,8111,341,2764,7047,899,377,77,26,52,387,210,153,1
6554,48,78,12,335,792,46,44,8659,861,2827,3579,1501,750,43,21,23,531,248,107,1
4729,22,14,6,393,494,32,34,35421,20,2316,5832,1746,267,32,36,35,26,1367,22,1
2824,2,34,17,287,1117,15,35,44864,255,551,4909,606,916,32,1,67,254,924,61,1
3384,24,53,19,144,1932,44,1,17535,317,1479,6825,222,297,43,4,34,727,1448,12,1
1262,8,20,19,405,1838,17,21,20855,38,1316,7991,1032,316,19,4,33,779,978,136,0
7006,11,75,26,394,1671,41,29,7907,660,1588,275,1076,569,35,26,46,633,493,19,1
4683,13,16,16,101,1841,54,6,11670,537,1823,1548,1100,508,6,4,81,726,1470,91,1
4540,17,95,12,9,593,44,37,8227,386,1825,554,1741,949,31,49,45,548,255,107,1
6891,8,70,12,61,1329,98,1,30161,633,1165,5238,502,545,66,9,19,978,1891,184,1
6959,21,56,20,416,245,5,1,23092,928,314,7511,1339,774,38,30,94,592,1041,151,1
9531,18,83,6,338,65,27,27,18695,26,184,4668,1837,364,92,45,87,697,161,107,1
6251,30,58,23,73,1952,87,21,24455,454,1688,4019,821,546,23,4,15,211,1425,32,1
8027,18,4,26,122,369,78,16,11876,681,713,7134,1865,270,85,5,78,257,220,147,1
6951,46,4,4,380,1940,79,44,13940,323,2176,4459,623,960,69,45,66,127,376,187,1
9560,47,20,6,63,119,43,40,16942,737,1311,5774,1886,473,87,23,39,18,953,175,1
7012,31,10,11,37,201,97,26,46648,513,2748,5738,164,738,86,16,18,607,1703,63,1
1341,38,24,1,322,913,31,16,9534,819,2434,5458,1302,536,53,22,70,32,1603,29,1
4271,32,99,24,54,1126,99,28,5545,773,271,1717,1050,233,37,37,59,976,95,107,1
7658,11,26,23,372,871,17,1,28531,13,1795,3245,1093,58,73,8,32,249,1088,72,1
9560,45,37,15,493,577,92,36,11317,915,811,1367,1241,250,79,48,21,594,1746,108,1
5125,25,85,27,23,1093,83,10,40216,908,2463,4898,1985,846,74,33,40,36,1667,144,1
4647,33,54,11,218,659,54,43,6793,560,198,1289,1388,85,31,38,92,993,455,99,1
4864,38,21,25,201,48,62,17,37989,921,1080,891,1724,762,44,43,27,870,629,13,1
3187,41,74,19,383,1573,87,23,48823,825,2879,5859,1868,389,60,16,2,90,313,18,1
7740,8,38,18,454,1082,32,7,49526,371,1227,5323,1970,179,69,5,97,605,141,70,1
2190,11,46,17,482,1453,40,44,26619,291,1645,2263,1329,718,87,16,80,208,1454,58,1
4902,22,4,19,51,646,13,7,28602,332,628,4387,1147,855,96,7,39,564,913,194,0
7053,24,60,21,171,1046,84,44,45822,606,604,5816,18,148,52,1,86,784,1418,96,1
147,41,57,14,456,45,35,15,43780,261,1162,1790,1280,582,50,9,56,101,997,43,1
6337,17,45,27,293,110,5,34,28998,994,1446,4843,1319,120,75,18,13,860,1231,159,1
3482,12,20,18,145,1827,73,46,10825,790,1081,3548,1951,764,55,45,56,968,56,110,1
5459,46,17,28,88,1119,29,45,3607,871,1586,5606,1045,604,26,47,66,93,1773,10,1
2842,32,71,19,186,1549,70,4,3637,205,2119,6141,1903,255,37,3,78,309,766,105,1
3589,15,4,15,395,1256,25,14,16585,697,911,5147,988,765,61,24,56,944,1236,1,1
5981,16,93,15,83,1371,95,14,1004,687,594,7732,449,863,17,28,28,305,1294,124,1
4174,22,14,4,219,1993,22,16,46612,950,1396,7281,551,799,63,10,64,656,699,195,1
7951,28,3,7,18,175,66,7,23594,387,600,300,1573,308,76,9,71,463,1057,144,1
5579,20,88,13,219,392,45,32,33505,892,514,2058,1071,58,29,13,82,290,696,93,1
4310,33,80,3,407,1889,69,19,41319,821,1896,2602,694,68,48,48,64,68,795,167,1
6279,10,58,16,132,1928,91,2,15188,468,2132,685,586,445,40,35,56,918,349,173,1
3828,40,55,9,314,1409,89,10,42512,415,1067,5992,720,387,12,23,41,880,421,92,1
1916,32,4,8,481,1504,72,17,3177,69,2887,4895,1206,85,33,47,41,351,1294,3,1
6264,33,24,20,252,799,1,37,23197,472,1958,4303,1458,785,99,17,4,762,295,165,1
770,2,34,13,408,1675,84,12,45578,104,2654,329,106,226,93,46,57,474,1546,62,1
7840,33,30,17,33,40,44,6,11609,758,810,6973,1211,592,24,7,30,889,1119,28,1
7360,33,82,17,284,1408,87,22,47614,161,2181,7957,775,625,65,16,88,351,859,18,1
6248,41,19,17,342,20,96,32,3445,200,1089,2296,1109,183,99,40,84,619,439,90,1
6100,13,31,1,323,1335,75,41,25439,216,290,4427,1859,791,17,36,46,71,1614,28,1
6041,30,60,8,206,105,39,20,895,946,2424,991,1866,321,4,20,56,785,40,162,1
7697,33,60,19,365,1223,54,1,33982,212,769,3123,1479,908,18,24,31,634,1743,115,1
9101,13,19,6,61,462,88,47,45772,508,2515,765,1160,317,41,47,88,438,612,69,1
9921,26,49,3,396,201,75,6,38722,16,471,7763,1881,565,17,5,7,667,449,122,1
8482,22,63,27,222,495,29,19,13781,498,2197,3698,897,398,31,45,90,737,994,22,1
1897,39,83,5,66,1299,54,18,33172,884,88,1041,335,708,20,6,77,265,1382,45,1
3276,2,22,13,161,1457,90,6,35635,332,2444,911,606,898,9,28,54,837,1928,171,0
676,38,24,15,206,1161,16,45,3882,717,790,5504,837,292,36,5,8,837,421,175,0
4198,39,76,14,21,247,99,33,32382,877,1665,369,1780,292,48,49,55,883,537,179,1
681,26,30,29,326,1953,20,23,12517,551,1310,7774,1492,484,85,39,69,779,319,7,1
6787,46,58,23,10,1388,46,23,41075,601,865,3418,601,898,12,38,44,715,958,182,1
7580,15,31,16,62,1973,67,26,13157,942,1294,7964,1594,446,54,2,13,356,1429,65,1
7966,34,64,18,329,1145,65,13,12508,256,24,5345,402,802,16,43,93,535,1821,167,1
5134,42,19,22,416,1861,58,7,28716,992,1887,6221,539,691,8,39,20,313,1371,158,1
5595,44,48,29,322,1479,53,15,43531,766,311,7918,1095,982,87,21,78,624,683,175,1
4787,49,45,22,173,1376,1,44,2631,728,1485,7944,1805,891,43,40,32,254,446,99,1
3910,40,94,11,457,1178,81,27,9632,880,1232,5749,23,411,77,37,60,766,713,60,1
6687,11,55,3,86,1098,66,26,8468,815,2712,1074,623,507,45,18,50,833,672,111,1
6991,3,55,22,478,1280,29,33,28141,172,2486,7676,1835,733,7,48,27,789,374,51,1
6386,6,97,10,472,744,84,15,29163,649,706,4374,1508,785,36,46,25,745,932,165,1
533,9,18,10,429,1000,70,36,18877,498,1360,7727,1079,889,18,12,52,741,122,35,1
2403,6,63,21,437,1523,8,45,14469,471,422,2260,985,243,62,17,68,832,1818,111,1
2603,9,92,16,223,834,29,27,11864,384,1774,6053,222,419,91,37,21,421,185,86,1
9955,39,47,12,181,1472,51,5,33854,690,2369,5985,1655,928,45,46,18,887,1182,182,1
7250,31,75,2,208,115,33,2,10074,589,2635,3691,178,959,93,38,39,226,1211,84,1
6947,32,57,9,75,190,3,33,43750,700,947,4224,799,153,70,15,15,525,945,12,1
6200,41,45,24,391,193,60,16,7485,507,1187,3086,433,815,25,7,53,483,391,164,1
5250,12,33,3,270,235,35,23,1598,992,1835,5453,1960,423,45,14,38,45,1256,46,1
6503,8,17,24,102,786,69,38,5115,527,1565,3263,1473,272,45,1,48,187,1292,89,1
2888,8,70,25,349,799,91,16,22930,804,849,6691,792,935,74,38,52,396,1818,198,1
4153,28,4,15,295,1942,76,14,3457,831,1590,5792,883,646,13,3,88,778,1222,21,1
3654,20,20,3,212,1122,84,29,33457,325,1319,2112,491,824,84,37,72,26,315,166,1
4442,47,47,19,6,697,20,26,32990,214,2090,7933,1212,519,62,44,28,720,1411,57,1
1286,7,91,18,128,539,73,35,5716,208,1948,7047,1601,127,71,31,85,839,611,29,1
5821,11,15,8,284,1404,39,15,37172,169,1309,2938,809,372,2,43,16,57,352,145,1
312,20,70,26,78,981,4,3,25142,330,2987,2834,960,567,27,13,16,71,1807,105,1
648,16,47,17,170,945,19,23,10159,280,387,446,419,637,28,48,35,78,165,145,0
65,4,78,8,26,1946,91,29,35704,978,2036,5341,1272,158,86,18,17,668,721,73,1
8727,6,75,7,158,1432,45,34,34982,305,1162,5011,1611,570,17,17,73,880,1088,166,1
8160,22,9,7,431,115,43,33,26555,146,2026,5126,648,569,34,17,99,375,1799,93,1
2135,26,90,3,443,1304,13,41,36763,775,2958,1564,1187,651,76,11,52,171,1475,153,1
374,3,16,1,299,840,13,41,43219,516,716,1746,1768,175,75,20,93,748,1718,70,0
6819,41,69,4,223,1536,60,23,7796,90,2479,6980,1278,926,46,10,82,954,1233,6,1
4631,42,61,25,161,688,57,7,12025,453,2602,7156,475,619,4,29,12,985,412,196,1
5136,14,10,5,499,1558,86,3,40572,60,2848,5835,1829,210,74,48,83,497,623,64,1
5132,11,50,1,234,858,92,32,15646,311,426,7528,1440,446,58,34,48,440,806,45,1
1656,18,3,15,24,1065,52,31,38003,528,1440,630,169,585,74,17,22,868,1696,17,1
928,12,77,5,479,402,53,18,33911,227,2074,3868,1340,166,58,42,49,498,632,140,1
2807,23,94,13,45,49,86,43,3930,474,385,1695,173,459,46,13,52,239,1961,152,1
6516,12,70,8,442,669,43,7,43504,978,56,7337,469,915,94,44,79,379,1811,7,1
5880,13,81,8,152,1251,83,41,43589,541,2682,5098,344,356,94,47,1,187,612,73,1
1541,25,51,5,112,1764,72,1,43498,663,106,2786,444,303,12,39,66,866,186,159,1
8182,45,19,28,407,990,72,14,2835,757,2897,95,1041,232,77,27,64,419,458,144,1
3355,19,42,9,88,1115,42,32,22499,782,670,6315,1093,326,88,26,8,577,752,101,1
7683,46,35,1,487,854,90,6,14849,79,376,3011,1361,883,32,28,86,599,1574,78,1
6959,36,46,4,371,1753,26,39,49098,433,743,4307,627,181,96,13,25,279,1988,78,1
6892,45,26,3,326,210,23,10,39357,801,967,7454,591,633,61,12,66,215,310,120,1
1916,8,69,2,418,456,43,7,48834,153,308,1093,526,333,78,44,73,802,716,175,1
3096,29,93,8,313,1877,77,26,47548,789,2139,6012,1711,714,15,28,73,749,316,62,1
8162,32,64,23,294,1461,28,34,43383,401,802,4616,455,966,43,2,77,909,760,39,1
5760,44,37,9,410,1071,9,30,40878,279,110,1185,1292,28,57,37,70,760,878,83,1
8915,18,84,2,327,1244,20,36,4040,57,1665,7933,1654,713,5,34,94,984,1929,14,1
1072,6,49,14,138,453,56,21,19123,977,2633,5893,810,92,88,23,79,809,1300,98,0
1986,18,21,14,211,1360,83,17,36913,186,340,6895,187,840,14,45,51,91,223,133,1
1306,19,74,4,287,770,39,33,14599,398,1589,6454,1020,867,3,29,53,855,1627,120,1
6239,22,64,6,270,236,51,10,18309,605,979,1906,1592,687,55,35,15,771,1673,62,1
7651,37,5,11,77,57,12,47,19840,788,2404,6106,710,329,63,11,50,202,492,135,1
135,32,70,3,485,1051,79,42,10029,158,1916,4495,528,722,67,48,71,627,1295,127,1
4642,41,90,8,356,921,95,12,20366,787,168,5198,433,183,93,33,75,198,1100,111,1
6298,3,4,3,52,1472,55,16,26233,693,557,191,287,94,33,11,38,285,1607,110,1
3606,28,39,14,330,1840,78,41,28374,359,905,1602,1941,784,90,9,40,83,142,31,1
6178,10,35,28,237,1741,11,32,24674,440,105,3413,1590,648,94,14,66,19,1682,44,1
9805,35,1,13,447,196,26,15,38226,589,2048,3752,498,748,55,9,39,644,1573,121,1
7571,29,24,13,104,354,42,27,20295,466,2198,5692,1464,352,31,39,74,225,521,179,1
8268,15,57,2,63,233,27,28,46755,663,146,2675,1804,929,8,48,17,299,220,81,0
242,33,70,13,262,839,11,17,23840,446,2764,4830,302,940,62,3,7,454,997,12,1
9371,7,41,29,417,497,38,46,26806,750,874,244,86,983,71,29,39,997,996,23,0
6381,12,54,19,456,1942,98,2,2883,801,299,2585,829,264,77,19,68,932,726,167,1
4216,49,46,27,69,886,43,36,5335,743,1737,4241,437,646,32,36,35,561,262,13,1
9695,30,60,6,87,858,19,7,9639,488,646,7437,540,655,86,32,51,202,47,69,1
7953,21,60,16,158,1262,64,13,47526,530,2771,143,1045,18,20,7,47,648,1076,61,1
6901,31,57,2,477,1423,6,15,14166,73,638,2511,832,742,54,28,36,298,638,119,1
6748,24,31,8,270,988,46,25,7695,929,2287,4170,796,645,75,44,64,973,1438,88,1
2482,20,84,17,313,1622,42,23,44836,928,2512,4485,559,625,56,18,95,592,996,188,1
2749,37,24,23,83,1026,92,22,29200,701,2501,4730,1540,498,1,5,89,658,1735,0,1
5411,4,89,2,319,197,65,26,10939,950,784,2250,761,138,12,23,13,153,55,193,1
1771,28,36,10,154,1891,99,33,30336,17,897,4305,1698,636,3,22,18,398,1487,125,1
886,44,85,28,439,279,72,11,37595,531,371,1754,1526,715,83,26,21,875,1711,31,1
3822,20,30,16,52,1640,59,10,16044,731,487,572,1737,572,49,42,65,901,314,140,1
9514,24,24,6,409,319,52,25,35553,326,2038,7971,466,761,47,12,8,416,1748,160,1
1470,49,30,28,383,1165,47,37,46429,995,2213,5082,1124,809,77,40,48,820,242,31,1
1743,32,86,2,252,1584,7,48,24712,632,1361,4905,1606,524,29,19,85,379,254,55,1
1615,41,92,2,282,1105,11,43,39186,613,192,5811,1965,907,28,47,43,866,1754,151,1
5632,36,7,26,360,1826,61,38,26689,546,730,7007,674,254,7,1,53,450,769,90,1
6777,34,35,13,102,854,68,41,17255,596,2262,886,684,84,11,3,85,956,1328,3,1
6996,36,55,24,418,1705,25,45,32980,921,2622,6136,1164,457,40,27,27,790,848,22,1
3527,2,92,15,29,1220,12,24,7827,708,957,5074,137,531,25,18,19,905,1416,28,1
3745,15,14,28,497,495,26,40,28365,842,381,644,577,561,49,30,23,929,167,97,0
9362,34,10,2,288,1224,12,46,47667,202,2721,5555,709,675,1,2,50,660,1438,148,0
8444,36,80,7,453,1455,43,33,27023,344,798,3966,1863,91,54,5,51,573,1034,29,1
2600,6,16,3,373,129,51,17,18366,853,239,4425,227,599,55,29,43,538,226,89,1
1073,39,54,8,305,229,37,24,27354,523,2748,4542,280,68,13,33,99,686,937,147,1
4334,42,95,23,72,62,46,37,36353,859,1106,4904,683,36,5,42,51,22,516,143,1
9121,12,89,14,11,1767,53,2,30572,400,1387,2340,827,764,94,20,69,711,770,66,1
5352,3,77,24,309,1484,88,32,22390,218,2553,4326,430,763,80,30,41,996,913,176,1
15,45,70,23,141,1445,80,24,19880,445,2250,5188,1063,139,88,42,72,349,590,100,1
7499,18,44,27,168,1676,13,9,13453,765,2968,5067,1542,866,60,5,11,874,1063,57,1
8669,40,73,22,87,1270,89,4,14566,222,1528,2990,1709,892,95,21,80,883,636,171,1
8205,21,45,29,389,767,54,17,19141,383,1668,564,1686,679,11,15,88,873,529,24,1
5976,15,56,7,142,747,57,17,8009,881,37,718,1234,565,12,20,85,785,1914,22,1
8847,33,84,21,424,729,4,48,31982,592,2692,4598,301,897,18,8,52,321,284,186,1
127,35,82,7,77,415,75,30,30604,7,1997,6997,1109,177,43,49,23,742,501,128,1
2561,26,57,1,241,617,96,40,36751,272,1426,7074,1420,808,88,31,49,113,836,96,1
5570,8,21,17,50,1030,49,11,3435,739,2813,3993,1276,812,94,12,38,348,960,142,1
4299,36,68,9,110,431,7,21,33740,16,2754,6208,532,870,58,21,47,207,935,127,1
856,48,50,21,420,721,11,21,10417,424,2593,7569,768,617,36,30,72,309,856,80,1
6326,30,33,13,292,256,92,18,46555,524,1491,261,1914,136,24,27,7,453,1069,179,1
6479,23,91,21,266,81,54,29,33382,803,1225,581,1938,189,15,44,66,368,1344,185,1
9343,42,7,19,180,1863,87,24,19692,753,2588,6387,1404,639,37,26,94,377,1077,168,1
8925,44,70,21,170,194,45,10,10839,21,2023,7973,443,341,42,33,77,178,1188,171,1
234,14,15,19,149,15,23,45,35318,690,2442,42,1056,558,86,26,62,158,1110,3,1
4218,14,82,25,334,1239,28,17,21000,939,833,2077,259,4,13,26,87,770,1623,195,1
6293,2,32,25,374,1577,57,18,25613,228,597,4510,1257,971,5,36,29,777,1646,134,1
2058,37,75,22,287,1644,26,42,39699,785,2441,465,1538,256,88,40,38,991,1471,45,1
6243,5,20,17,58,915,25,48,36454,288,700,7743,1882,811,22,1,84,51,1465,8,1
9775,38,88,23,182,396,54,20,33041,809,1647,7136,1331,661,59,15,33,211,1575,160,1
1838,45,15,23,423,1801,29,37,39115,134,2019,1445,738,805,11,1,29,979,48,32,1
1927,41,48,10,248,708,83,45,47713,984,441,6505,795,242,12,11,79,253,248,83,1
4244,47,71,10,345,1109,97,18,400,283,1861,4483,69,786,99,2,23,678,1046,131,1
6998,14,21,4,131,1210,36,17,18362,404,1641,1837,1477,719,97,1,3,473,131,64,1
2036,39,42,8,413,836,14,9,24177,665,1530,7330,1462,414,5,31,93,458,153,105,1
3754,25,26,22,416,1832,78,14,28903,66,2966,4669,1848,626,62,44,45,922,693,33,1
9103,20,14,20,371,358,35,49,37550,649,2368,7605,1387,706,37,16,8,807,464,84,1
19,2,57,20,275,1288,30,29,33835,604,2601,5172,982,342,49,22,86,803,377,87,0
270,39,37,18,136,1870,92,31,18660,437,1095,3404,1789,681,51,42,29,446,768,191,1
6048,6,58,14,97,1735,17,4,23640,829,568,437,480,378,39,18,2,902,256,152,1
9875,17,21,18,383,317,67,18,29493,934,2967,7603,1167,593,7,47,50,759,932,54,1
2229,25,82,28,77,1378,80,20,48047,259,236,4156,23,665,60,17,65,540,1078,136,1
7051,28,69,14,415,1160,30,47,7220,980,1305,6725,964,652,7,30,20,574,774,16,1
2070,2,3,20,414,1970,93,43,13353,966,1186,6416,1448,825,96,10,52,606,384,148,1
5297,35,87,21,407,296,45,44,6257,103,1033,6217,745,145,33,35,85,282,1324,187,1
1629,37,90,24,252,775,79,9,12366,993,2108,1756,844,322,78,21,37,439,216,140,1
8522,5,37,15,352,734,89,13,35237,567,2941,2052,1198,121,99,16,72,881,1957,130,1
1352,1,88,22,277,771,51,15,6290,769,1841,5002,1867,251,59,6,27,222,528,195,1
2842,40,49,4,47,1629,47,27,1943,101,225,5725,324,854,56,3,47,958,1991,3,1
2834,12,19,13,381,1520,53,15,13803,198,1843,7621,1892,898,98,41,99,882,251,6,1
2004,36,89,27,45,392,64,28,38140,813,2748,2845,1694,310,45,43,6,113,1655,25,1
3500,45,85,23,174,1439,38,37,11282,226,582,261,1883,600,21,21,60,201,1147,23,1
9320,23,12,8,438,397,64,19,17559,943,169,676,1371,474,86,13,45,950,828,9,1
7994,47,61,18,216,534,87,26,3167,463,1466,494,797,569,39,18,44,698,311,12,1
1614,31,41,12,497,1590,89,26,36979,237,14,6894,17,491,44,24,83,668,1309,124,1
245,11,33,23,172,648,7,25,48341,26,2212,3719,43,574,54,27,18,389,1129,171,0
1918,10,50,14,43,947,22,26,4092,121,1444,2101,154,346,50,4,65,976,1327,38,0
8577,3,68,2,373,1659,81,26,37251,910,2805,1687,866,819,85,22,25,90,710,146,1
3540,14,71,18,249,1978,82,46,26796,506,1871,4416,921,486,4,24,27,714,1393,178,1
5266,16,86,24,155,285,41,28,14066,182,1544,2465,1400,472,94,40,7,558,297,18,1
2645,10,33,2,115,509,74,49,25072,711,1690,4534,742,381,12,45,44,386,163,75,1
8172,29,81,11,484,726,10,18,35476,814,1572,5126,1906,279,27,10,29,847,1603,51,1
9772,10,24,9,440,346,57,32,27988,767,1052,3917,1851,71,83,2,95,163,432,174,1
2570,12,61,12,51,1983,7,3,43728,634,1732,1980,1425,520,96,40,44,651,1949,119,1
5425,30,61,17,67,941,50,2,35762,543,446,3221,224,365,79,6,36,580,859,157,1
3401,41,98,15,229,490,91,33,40028,984,716,6080,216,932,61,48,19,745,59,45,1
5961,1,28,25,370,1930,52,42,8837,315,819,1394,1591,93,92,18,6,770,1240,148,1
5478,5,58,17,73,920,33,19,2036,991,2152,4520,30,372,86,17,25,249,573,74,1
8017,20,43,26,303,1306,1,17,10992,797,2790,5697,1892,338,23,38,31,383,863,123,1
9074,8,41,29,436,1953,53,44,17508,618,426,3861,1082,436,97,45,9,910,892,47,1
9454,43,39,26,294,1091,60,33,12211,736,1125,1589,1915,335,6,23,84,814,671,61,1
6423,12,86,18,300,1361,34,12,20739,273,1565,4944,897,663,37,46,74,808,574,57,1
6951,1,49,22,207,1764,4,49,29213,910,2687,5568,1376,491,36,30,37,213,222,17,1
9516,20,17,6,65,118,17,3,35825,232,850,2968,934,916,67,21,27,620,1099,107,0
4830,28,98,17,438,1312,4,43,33787,420,1546,4534,444,867,97,10,13,359,1265,186,1
2908,43,70,23,455,1719,43,49,8822,768,1130,6791,1258,39,41,43,41,697,1918,47,1
7556,37,70,24,322,337,90,26,35642,442,1703,5679,1130,358,85,13,66,783,820,62,1
87,47,98,18,318,1809,4,35,1261,496,2002,6205,1214,573,4,12,85,792,859,11,1
7587,37,65,8,165,324,1,8,279,24,2817,7734,529,253,63,9,97,152,1696,33,0
4237,12,74,9,335,1507,71,36,48592,109,277,5064,1936,965,49,4,24,198,1750,188,1
610,37,85,6,20,1144,94,7,14395,703,1807,981,737,580,86,39,44,281,1353,101,1
1075,49,5,5,342,708,50,46,36003,502,2948,7350,1702,397,14,24,98,541,1800,86,1
2146,49,2,12,98,790,73,46,31869,859,2236,3369,1606,756,94,34,60,854,1170,180,1
9520,44,22,25,308,1968,61,36,47829,25,1940,50,873,876,72,39,9,309,890,24,1
6953,28,57,29,142,1262,35,16,16935,187,2153,1198,565,169,52,41,2,435,1680,189,1
7814,47,66,28,342,1530,8,24,26758,288,546,3347,1268,689,24,5,56,55,1970,131,1
6575,15,74,11,42,165,24,1,98,628,2428,4517,1885,700,88,15,30,104,1599,140,1
5994,6,98,25,131,1506,83,49,20000,338,110,4948,75,510,84,4,22,939,1098,169,1
5152,44,16,1,279,1734,36,25,15223,878,545,6287,546,259,8,39,75,73,1547,48,1
4680,20,51,11,168,1305,50,10,49588,914,2402,251,266,583,37,8,81,422,1165,77,1
2200,14,39,19,447,896,43,16,33787,37,743,3224,316,983,21,49,13,652,343,183,1
9194,2,86,9,323,1035,27,16,28086,794,2365,4330,1835,458,86,45,71,18,41,174,1
2722,9,76,27,81,767,32,8,47371,137,1290,796,1144,528,48,24,16,468,877,135,1
2202,37,88,2,178,731,78,29,5870,508,1876,641,1859,881,67,28,97,724,907,54,1
1258,20,40,12,391,1544,18,39,14342,227,1089,3780,24,340,92,43,45,418,1905,17,0
4043,26,38,4,462,922,28,28,3102,320,333,2426,1455,56,14,27,65,479,1531,34,1
2007,29,60,4,362,1319,29,6,44427,840,1537,7252,159,217,64,1,11,819,1276,159,0
3697,1,59,18,325,880,16,16,23831,916,1157,7778,595,618,53,34,70,515,1225,151,0
4028,35,10,15,380,22,99,20,2352,182,592,4838,1137,815,29,17,20,695,1175,6,1
1980,6,99,19,95,617,47,16,2333,874,783,1093,1758,939,92,37,99,82,1693,12,1
8399,37,64,13,242,507,59,7,48203,86,540,4188,899,684,19,38,63,93,610,125,1
5775,5,63,19,268,1766,31,41,42617,467,2783,3164,501,730,32,26,90,68,1594,111,1
1212,33,49,17,183,247,4,14,15670,926,1559,717,1189,463,99,24,12,30,1681,68,1
8145,49,64,6,498,1127,37,43,30511,53,1520,5850,1012,246,85,39,62,467,997,99,1
5577,14,32,16,494,1371,17,26,20800,860,2669,5328,702,729,76,21,94,927,1224,89,1
7677,12,7,24,213,790,39,26,32940,867,619,6037,1198,372,6,30,92,166,1975,41,1
5752,42,21,12,77,1204,48,14,23233,235,2957,5506,0,416,7,47,91,840,1182,108,1
5798,20,20,19,394,615,46,7,9522,959,1834,4701,1922,30,27,48,42,338,608,158,1
5418,24,26,5,111,670,90,33,3777,779,992,5600,740,367,44,13,83,582,1449,109,1
8679,43,68,17,349,1657,48,26,46550,799,2147,3649,1109,558,72,37,69,585,529,25,1
9456,34,86,26,299,1600,39,45,25573,433,2365,7955,1597,645,88,3,58,846,1768,75,1
932,25,15,23,373,858,4,20,30816,496,2171,7778,319,107,79,32,5,689,878,31,1
429,29,85,26,448,945,30,3,37776,999,2847,3895,1424,583,73,35,27,212,25,90,1
2214,39,79,29,288,1500,30,4,574,100,1617,2591,381,838,10,19,28,650,1841,124,1
1130,31,86,1,357,637,22,26,9129,990,1519,4314,1741,417,30,14,26,766,1139,125,1
960,47,92,28,186,152,75,11,8449,599,2505,6222,1640,619,11,48,91,115,292,51,1
2346,43,14,27,41,1234,66,2,27420,403,522,2113,1341,820,94,22,49,842,1137,147,1
5383,23,27,25,141,1213,12,14,16582,396,2568,4798,1826,397,77,17,21,131,370,102,1
2253,44,40,24,342,723,94,44,16871,527,917,3619,1273,271,50,4,1,327,1691,104,1
2655,38,58,23,60,1397,36,30,43212,415,717,1247,1548,682,43,45,92,191,1068,167,1
4622,20,28,10,191,488,18,49,3799,939,2363,2064,1698,115,95,40,58,624,122,186,1
1875,23,26,15,345,574,90,12,11403,613,2757,6962,1578,840,49,19,79,325,317,13,1
6038,45,63,23,262,480,53,26,46827,677,2758,3491,897,585,16,37,55,823,1944,171,1
7336,16,66,21,449,393,71,44,28527,463,1937,6180,1975,255,34,2,81,782,968,103,1
6381,42,25,21,62,1725,1,33,24620,541,560,5284,1646,80,0,15,26,634,1086,116,1
6369,8,3,11,367,935,58,13,20887,626,969,5101,716,779,28,2,84,415,1892,47,1
7873,21,72,13,127,426,90,14,11487,619,2404,4337,1919,127,50,11,25,995,1114,92,1
3238,1,44,5,192,1858,87,24,38154,922,1078,3815,1279,837,63,45,77,958,1649,170,1
3729,8,97,1,234,317,90,34,4601,364,890,5305,306,914,3,23,33,79,843,143,1
2381,29,42,24,172,658,6,44,2873,130,793,3905,1973,234,86,10,89,169,1402,109,1
2901,32,99,12,424,1727,70,26,12966,84,2313,2610,1167,552,27,3,72,249,251,162,1
3766,38,6,11,118,1400,44,21,15217,271,982,7513,1681,180,15,5,69,532,40,52,1
4235,5,39,17,256,1034,72,28,41495,244,802,5582,390,156,62,3,6,147,1862,161,1
104,47,52,4,111,1077,24,48,47686,388,43,5204,1836,453,75,38,23,504,713,2,1
2684,22,23,15,41,748,86,36,8441,214,1610,4747,1699,570,52,13,30,688,878,67,1
6908,47,89,25,339,1876,19,40,12708,818,2910,7944,1192,856,84,42,78,256,1394,132,1
803,34,50,9,96,1131,18,2,29735,166,1778,3039,989,760,16,19,54,875,242,137,1
2126,1,43,21,22,1753,95,42,23430,791,350,6968,297,703,39,40,87,552,1643,51,1
5789,26,19,20,358,1298,30,9,42481,59,1568,7931,232,23,12,35,11,533,1067,156,1
6176,43,69,19,67,1833,42,23,28969,602,1130,4573,1926,472,51,24,31,252,1276,95,1
824,10,51,19,154,1816,33,15,2361,883,2960,7843,270,399,57,24,6,629,960,30,1
355,30,11,12,143,149,74,13,40043,843,2049,7887,1083,947,95,17,11,345,68,65,0
8564,18,12,5,190,1514,12,23,44383,924,1781,4212,1319,591,36,40,77,431,780,90,0
2453,17,74,10,189,1270,94,17,43088,504,584,4056,1490,133,78,10,12,844,1562,68,1
7793,26,8,17,209,983,27,48,13610,706,432,3368,1258,420,75,2,66,203,1111,164,0
994,8,24,5,264,1026,39,2,49806,123,1933,4026,676,212,60,44,53,317,727,154,1
7800,47,92,22,218,962,9,20,48783,648,2101,1850,705,899,78,23,99,654,311,86,1
9841,40,41,16,260,913,21,20,38603,413,2988,5755,233,481,33,6,36,916,1711,32,1
